,Open,High,Low,Close,Volume,Amount
2025-08-27,3869.61,3887.2,3800.35,3800.35,858633472.0,132684880.0
2025-08-28,3796.71,3845.09,3761.42,3843.6,788351936.0,126518560.0
2025-08-29,3842.82,3867.61,3839.21,3857.93,739462336.0,122169184.0
2025-09-01,3869.75,3879.05,3853.66,3875.53,747709568.0,120834792.0
2025-09-02,3877.09,3885.31,3828.68,3858.13,762618816.0,122277760.0
2025-09-03,3865.29,3868.39,3794.88,3813.56,645668480.0,101229608.0
2025-09-04,3807.76,3808.4,3732.84,3765.88,710227904.0,110789200.0
2025-09-05,3761.88,3817.16,3745.31,3812.51,626223360.0,97906168.0
2025-09-08,3811.67,3833.14,3803.6,3826.84,660066880.0,102588376.0
2025-09-09,3816.66,3834.67,3791.72,3807.29,600239360.0,91779528.0
2025-09-10,3806.58,3827.0,3794.06,3812.22,534539840.0,82111360.0
2025-09-11,3806.06,3875.31,3796.43,3875.31,617012928.0,101679400.0
2025-09-12,3875.51,3892.74,3866.54,3870.6,700641792.0,109380728.0
2025-09-15,3876.1,3879.74,3855.97,3860.5,644793920.0,98617200.0
2025-09-16,3865.98,3876.69,3838.65,3861.87,673439744.0,98978616.0
2025-09-17,3854.07,3882.67,3848.95,3876.34,663434688.0,100667912.0
2025-09-18,3876.06,3899.96,3801.0,3831.66,876027392.0,136596240.0
2025-09-19,3830.44,3843.17,3811.9,3820.09,682292608.0,101634824.0
2025-09-22,3822.01,3831.74,3806.2,3828.58,568325696.0,94180000.0
2025-09-23,3830.14,3838.61,3774.53,3821.83,701902848.0,107169784.0
2025-09-24,3804.48,3854.92,3804.33,3853.64,602056640.0,101570784.0
2025-09-25,3852.43,3866.11,3840.46,3853.3,589950528.0,100121136.0
2025-09-26,3839.86,3856.61,3828.11,3828.11,551275328.0,92786488.0
2025-09-29,3828.17,3881.0,3809.54,3862.53,608466368.0,96821240.0
2025-09-30,3869.7,3887.57,3866.28,3882.78,569734656.0,97327496.0
2025-10-09,3898.31,3936.58,3885.74,3933.97,725218496.0,121688872.0
2025-10-10,3915.48,3933.01,3886.31,3897.03,718917696.0,113212720.0
2025-10-13,3800.11,3895.83,3800.11,3889.5,709506112.0,108541360.0
2025-10-14,3910.78,3918.44,3851.12,3865.23,800839616.0,120998384.0
2025-10-15,3867.54,3912.29,3857.67,3912.21,645012928.0,96155216.0
2025-10-16,3900.68,3931.05,3899.17,3916.23,595451520.0,86926456.0
2025-10-17,3912.04,3921.06,3835.36,3839.76,617563008.0,87318160.0
2025-10-20,3865.55,3877.72,3850.37,3863.89,549261696.0,77250328.0
2025-10-21,3870.75,3919.32,3868.15,3916.33,599415744.0,83793840.0
2025-10-22,3896.07,3918.59,3893.33,3913.76,543117312.0,74152480.0
2025-10-23,3904.16,3926.22,3877.53,3922.41,565189248.0,71893104.0
2025-10-24,3929.12,3950.31,3928.96,3950.31,567858432.0,85849128.0
2025-10-27,3969.22,3999.07,3963.1,3996.94,637589568.0,104340400.0
2025-10-28,3986.89,4010.73,3976.83,3988.22,577357696.0,94076088.0
2025-10-29,3990.27,4016.33,3986.94,4016.33,612917440.0,96821568.0
2025-10-30,4007.82,4025.7,3984.83,3986.9,668485632.0,107005856.0
2025-10-31,3985.06,3986.74,3951.73,3954.79,675615424.0,103110464.0
2025-11-03,3954.08,3977.31,3937.02,3976.52,641245952.0,94170368.0
2025-11-04,3973.46,3985.88,3938.52,3960.19,615493760.0,85293840.0
2025-11-05,3922.58,3979.75,3922.58,3969.25,614991616.0,82713360.0
2025-11-06,3973.35,4008.8,3973.35,4007.76,627367552.0,93027552.0
2025-11-07,3994.32,4012.01,3993.69,3997.56,596507008.0,87548680.0
2025-11-10,4001.79,4018.7,3990.84,4018.6,634049984.0,96058864.0
2025-11-11,4023.88,4024.94,3991.52,4002.76,581994944.0,85836216.0
2025-11-12,3996.56,4020.38,3980.68,4000.14,586193216.0,84046720.0
2025-11-13,3996.51,4030.4,3994.77,4029.5,613031040.0,87640096.0
2025-11-14,4007.13,4034.08,3990.31,3990.49,622017088.0,83796952.0
2025-11-17,3988.56,3992.4,3958.95,3972.03,592017920.0,80573312.0
2025-11-18,3962.44,3966.89,3926.59,3939.81,594411072.0,79094864.0
2025-11-19,3937.92,3960.05,3930.07,3946.74,531149600.0,72090880.0
2025-11-20,3960.7,3967.97,3927.51,3931.05,534749536.0,71134128.0
2025-11-21,3896.66,3912.01,3834.75,3834.89,631646272.0,82493112.0
2025-11-24,3848.66,3854.33,3816.58,3836.77,504601728.0,71553920.0
2025-11-25,3850.57,3882.03,3845.14,3870.02,478727616.0,72278880.0
2025-11-26,3867.43,3879.92,3861.18,3864.18,457589760.0,70101984.0
2025-11-27,3867.2,3895.59,3864.13,3875.26,444021952.0,69851912.0
2025-11-28,3870.94,3888.89,3856.25,3888.6,449931968.0,64575584.0
2025-12-01,3894.21,3914.46,3890.95,3914.01,537554112.0,78565832.0
2025-12-02,3908.46,3908.77,3888.33,3897.71,455584480.0,62744068.0
2025-12-03,3894.16,3901.7,3869.95,3878.0,485617280.0,64716656.0
2025-12-04,3879.74,3888.86,3859.05,3875.79,445040288.0,62371260.0
2025-12-05,3873.12,3907.78,3863.31,3902.81,500368768.0,71674248.0
2025-12-08,3909.23,3936.31,3904.74,3924.08,547349760.0,83943904.0
2025-12-09,3916.51,3923.9,3902.13,3909.52,524538240.0,78116040.0
2025-12-10,3901.13,3906.12,3876.47,3900.5,497331520.0,73035984.0
2025-12-11,3903.89,3904.96,3862.82,3873.32,525658592.0,76435016.0
2025-12-12,3869.41,3891.81,3850.6,3889.35,573947136.0,90995088.0
2025-12-15,3865.4,3896.98,3863.63,3867.92,500922784.0,76460488.0
2025-12-16,3861.51,3862.43,3815.84,3824.81,512494816.0,73329400.0
2025-12-17,3822.51,3881.75,3818.0,3870.28,512313696.0,76682056.0
2025-12-18,3857.26,3888.29,3856.42,3876.37,461172640.0,70489560.0
2025-12-19,3878.23,3902.67,3871.78,3890.45,513511904.0,73806600.0
2025-12-22,3900.54,3920.01,3900.52,3917.36,522939008.0,78975640.0
2025-12-23,3919.11,3937.13,3910.74,3919.98,521156960.0,80685344.0
2025-12-24,3920.35,3947.04,3912.31,3940.95,474896448.0,77392864.0
2025-12-25,3937.72,3964.07,3936.08,3959.62,469313088.0,78501864.0
2025-12-26,3957.83,3977.71,3945.52,3963.68,555489600.0,89364440.0
2025-12-29,3964.65,3983.98,3956.95,3965.28,563687168.0,90381976.0
2025-12-30,3947.87,3979.99,3947.42,3965.12,525932576.0,88753336.0
2025-12-31,3968.73,3977.54,3955.49,3968.84,490751488.0,82951192.0
2026-01-05,3986.97,4025.26,3983.58,4023.42,596950464.0,106733416.0
2026-01-06,4026.02,4083.67,4025.09,4083.67,702472256.0,117576864.0
2026-01-07,4083.84,4098.78,4069.44,4085.77,683384320.0,119742280.0
2026-01-08,4077.72,4093.87,4067.12,4082.98,666131328.0,118318880.0
2026-01-09,4086.76,4121.72,4083.62,4120.43,729838016.0,128920600.0
2026-01-12,4134.89,4168.36,4119.88,4165.29,839456064.0,144623008.0
2026-01-13,4169.7,4179.7,4126.23,4138.76,868382720.0,148157424.0
2026-01-14,4138.65,4190.87,4103.62,4126.09,952551296.0,160704128.0
2026-01-15,4106.22,4133.07,4096.85,4112.6,680250816.0,117591504.0
2026-01-16,4127.06,4140.23,4091.81,4101.91,763588480.0,133801728.0
2026-01-19,4090.72,4126.52,4090.06,4114.0,688905856.0,119013784.0
2026-01-20,4116.37,4128.93,4080.29,4113.65,734362496.0,122148568.0
2026-01-21,4103.53,4135.96,4103.53,4116.94,666989504.0,118018464.0
2026-01-22,4126.07,4140.84,4109.92,4122.58,709695424.0,120176416.0
2026-01-23,4130.11,4143.75,4120.2,4136.16,782115456.0,133685704.0
2026-01-26,4144.78,4160.99,4124.7,4132.61,887439744.0,145185984.0
2026-01-27,4125.22,4158.8,4101.83,4139.9,754990848.0,128943232.0
2026-01-28,4150.22,4170.15,4138.02,4151.24,823026752.0,136552608.0
2026-01-29,4155.92,4170.21,4138.3,4157.98,905908352.0,148579536.0
2026-01-30,4131.99,4152.85,4064.78,4117.95,804342720.0,126985568.0
2026-02-02,4079.71,4103.41,4013.66,4015.75,732953728.0,116353272.0
2026-02-03,4043.91,4069.42,4002.78,4067.74,637684224.0,111072024.0
2026-02-04,4064.68,4104.62,4062.68,4102.2,674254272.0,106354472.0
2026-02-05,4075.03,4088.9,4048.94,4075.92,596722240.0,94698888.0
2026-02-06,4040.3,4095.03,4029.97,4065.58,556709824.0,89865504.0
2026-02-09,4103.54,4123.16,4093.06,4123.09,572632576.0,94972632.0
2026-02-10,4127.77,4134.34,4117.56,4128.37,524620960.0,88220176.0
2026-02-11,4124.43,4142.56,4122.43,4131.99,500685280.0,82260752.0
2026-02-12,4136.99,4140.59,4124.13,4134.02,529370112.0,89795504.0
2026-02-13,4115.92,4123.84,4079.77,4082.07,500799488.0,84680832.0
2026-02-24,4129.13,4131.55,4105.94,4117.41,566322240.0,93861136.0
2026-02-25,4123.78,4167.84,4122.7,4147.23,724787200.0,108596952.0
2026-02-26,4151.07,4152.19,4127.15,4146.63,651702848.0,106719872.0
2026-02-27,4128.9,4166.23,4128.36,4162.88,682047616.0,107236784.0
2026-03-02,4151.8,4188.77,4131.37,4182.59,861579200.0,134589248.0
2026-03-03,4189.41,4197.23,4116.01,4122.68,921139200.0,142579024.0
2026-03-04,4087.63,4106.04,4055.41,4082.47,765169536.0,111308200.0
2026-03-05,4109.78,4125.62,4090.62,4108.57,689746560.0,106804376.0
2026-03-06,4085.9,4129.46,4085.9,4124.19,646765760.0,97880592.0
2026-03-09,4098.7,4106.53,4052.55,4096.6,797803584.0,119410616.0
2026-03-10,4098.59,4123.96,4098.59,4123.14,674922176.0,103642720.0
2026-03-11,4123.67,4135.84,4112.8,4133.43,707727168.0,106360088.0
2026-03-12,4133.2,4141.65,4103.16,4129.1,786151168.0,107821528.0
2026-03-13,4117.57,4134.08,4086.85,4095.45,792054784.0,106391816.0
2026-03-16,4092.25,4096.13,4048.09,4084.79,732227072.0,103722384.0
2026-03-17,4086.3,4108.4,4049.58,4049.91,678771200.0,95122808.0
2026-03-18,4053.31,4065.37,4023.03,4062.98,623873088.0,87632744.0
2026-03-19,4028.54,4042.02,3994.17,4006.55,667255424.0,93526496.0
2026-03-20,4004.57,4022.7,3955.71,3957.05,666798400.0,96486312.0
2026-03-23,3904.95,3906.62,3794.68,3813.28,804738880.0,108624824.0
2026-03-24,3849.63,3881.42,3807.99,3881.28,680622016.0,93141888.0
2026-03-25,3892.27,3933.06,3891.82,3931.84,688343616.0,96785424.0
2026-03-26,3924.96,3937.1,3880.57,3889.08,615973952.0,84836136.0
2026-03-27,3852.09,3924.11,3852.09,3913.72,561342976.0,79969640.0
2026-03-30,3884.28,3924.29,3872.78,3923.29,595589504.0,83982240.0
2026-03-31,3924.07,3948.81,3891.86,3891.86,606704960.0,89194536.0
2026-04-01,3939.57,3955.94,3929.92,3948.55,564611584.0,89727824.0
2026-04-02,3940.8,3952.58,3900.12,3919.29,544212864.0,81189656.0
2026-04-03,3927.59,3929.53,3871.3,3880.1,492699072.0,71383032.0
2026-04-07,3884.15,3902.61,3875.68,3890.16,473615072.0,72390584.0
2026-04-08,3930.25,3995.0,3926.25,3995.0,644135360.0,107421168.0
2026-04-09,3967.63,3979.13,3955.25,3966.17,541569792.0,90248184.0
2026-04-10,3985.46,4011.02,3979.81,3986.22,546415552.0,95566408.0
2026-04-13,3971.2,3991.26,3966.2,3988.56,545781760.0,91943648.0
2026-04-14,4006.73,4026.63,3992.41,4026.63,570259008.0,99843512.0
2026-04-15,4039.47,4050.62,4020.9,4027.21,569458560.0,102885192.0
2026-04-16,4030.14,4057.83,4028.91,4055.55,545876992.0,97656552.0
2026-04-17,4043.38,4058.6,4038.43,4051.43,548791424.0,101352064.0
2026-04-20,4053.37,4083.19,4051.69,4082.13,589841408.0,108457800.0
2026-04-21,4075.85,4086.64,4062.13,4085.08,576689472.0,103334904.0
2026-04-22,4074.81,4106.84,4074.68,4106.26,582466368.0,109362592.0
2026-04-23,4110.79,4114.84,4070.46,4093.25,671166080.0,123439624.0
2026-04-24,4081.03,4092.61,4061.15,4079.9,605031808.0,114300016.0
2026-04-27,4074.81,4092.83,4071.08,4086.34,589950848.0,113605184.0
2026-04-28,4076.14,4090.2,4062.87,4078.64,600507520.0,111395552.0
2026-04-29,4061.82,4112.15,4061.82,4107.51,614221440.0,112661536.0
2026-04-30,4107.3,4118.76,4100.97,4112.16,656912704.0,127619472.0
2026-05-06,4135.45,4166.15,4129.91,4160.17,701177472.0,146590320.0
2026-05-07,4168.45,4180.21,4163.14,4180.09,685574272.0,135909952.0
2026-05-08,4163.85,4183.06,4154.25,4179.95,697019072.0,133167304.0
2026-05-11,4201.35,4229.58,4186.08,4225.02,762736256.0,158436672.0
2026-05-12,4229.28,4230.18,4199.34,4214.49,718984000.0,146527264.0
2026-05-13,4192.31,4245.07,4192.31,4242.57,705018752.0,144746400.0
2026-05-14,4256.16,4258.86,4177.92,4177.92,764235008.0,149811680.0
2026-05-15,4174.17,4191.81,4114.09,4135.39,733162368.0,151924016.0
2026-05-18,4120.14,4145.66,4108.6,4131.53,627233152.0,131508416.0
2026-05-19,4122.96,4170.29,4107.99,4169.54,617611072.0,130652240.0
2026-05-20,4152.7,4169.85,4139.97,4162.18,624152064.0,135892704.0
2026-05-21,4174.38,4199.53,4074.22,4077.28,727218688.0,159572672.0
2026-05-22,4096.17,4120.09,4067.75,4112.9,589459648.0,128584752.0
