Date,Vol_000001_raw,Amt_000001_raw,Vol_002475_raw,Amt_002475_raw,Vol_000001_norm,Amt_000001_norm,Vol_002475_norm,Amt_002475_norm,Proj_Vol,Proj_Amt,Residual_Vol,Residual_Amt,Dot_After_Proj,Norm_Params
2025-08-27,858633472.0,132684880.0,200969024.0,927834.0,0.8153148385474487,0.715057146507717,0.285341930314008,0.17731110722102167,0.24918221175526412,0.21854075612758686,0.03615971855874389,-0.04122964890656519,-5.898059818321144e-17,"vol_000001:[4.44e+08,9.53e+08] amt_000001:[6.24e+07,1.61e+08] vol_002475:[6.00e+07,5.54e+08] amt_002475:[3.44e+05,3.64e+06]"
2025-08-28,788351936.0,126518560.0,165324128.0,748480.0,0.6771093705066507,0.6523485107746476,0.21320952039369787,0.12281440589492211,0.17193897905360986,0.16565143212507652,0.04127054134008801,-0.04283702623015441,-5.204170427930421e-17,"vol_000001:[4.44e+08,9.53e+08] amt_000001:[6.24e+07,1.61e+08] vol_002475:[6.00e+07,5.54e+08] amt_002475:[3.44e+05,3.64e+06]"
2025-08-29,739462336.0,122169184.0,173029408.0,797116.88,0.5809701789794848,0.6081173590909603,0.2288022272853316,0.13759271874433357,0.1779049006081899,0.18621792002685997,0.0508973266771417,-0.0486252012825264,-1.0408340855860843e-17,"vol_000001:[4.44e+08,9.53e+08] amt_000001:[6.24e+07,1.61e+08] vol_002475:[6.00e+07,5.54e+08] amt_002475:[3.44e+05,3.64e+06]"
2025-09-01,747709568.0,120834792.0,140621008.0,640167.13,0.5971879884280581,0.5945472067386461,0.16321931764066946,0.08990354733496443,0.1269226690954324,0.126361413566163,0.036296648545237065,-0.03645786623119858,-6.938893903907228e-18,"vol_000001:[4.44e+08,9.53e+08] amt_000001:[6.24e+07,1.61e+08] vol_002475:[6.00e+07,5.54e+08] amt_002475:[3.44e+05,3.64e+06]"
2025-09-02,762618816.0,122277760.0,148018336.0,655733.5,0.6265063516177347,0.6092215270279719,0.17818884078392644,0.09463338785495036,0.13888454325193822,0.13505282636328997,0.03930429753198822,-0.04041943850833961,6.938893903907228e-18,"vol_000001:[4.44e+08,9.53e+08] amt_000001:[6.24e+07,1.61e+08] vol_002475:[6.00e+07,5.54e+08] amt_002475:[3.44e+05,3.64e+06]"
2025-09-03,645668480.0,101229608.0,100889944.0,440264.19,0.3965287950030274,0.3951715107099287,0.08281797785227235,0.029163051915909368,0.05613241119200108,0.055940274729265556,0.02668556666027127,-0.026777222813356188,-3.469446951953614e-18,"vol_000001:[4.44e+08,9.53e+08] amt_000001:[6.24e+07,1.61e+08] vol_002475:[6.00e+07,5.54e+08] amt_002475:[3.44e+05,3.64e+06]"
2025-09-04,710227904.0,110789200.0,200637664.0,894149.13,0.5234819880915269,0.4923881605893972,0.2846713772185187,0.1670759616452414,0.23442237698455146,0.22049813676537813,0.05024900023396725,-0.05342217512013672,-6.938893903907228e-18,"vol_000001:[4.44e+08,9.53e+08] amt_000001:[6.24e+07,1.61e+08] vol_002475:[6.00e+07,5.54e+08] amt_002475:[3.44e+05,3.64e+06]"
2025-09-05,626223360.0,97906168.0,228191536.0,1048929.13,0.35829084427426866,0.3613736558563511,0.3404304735557827,0.21410585465712675,0.27580596730389145,0.27817906124139946,0.06462450625189126,-0.06407320658427271,1.734723475976807e-17,"vol_000001:[4.44e+08,9.53e+08] amt_000001:[6.24e+07,1.61e+08] vol_002475:[6.00e+07,5.54e+08] amt_002475:[3.44e+05,3.64e+06]"
2025-09-08,660066880.0,102588376.0,289125504.0,1455710.25,0.42484259866034396,0.40898955576074525,0.46373884168363644,0.3377062717191174,0.40941407406014807,0.39413674805696153,0.05432476762348837,-0.05643047633784415,-6.938893903907228e-18,"vol_000001:[4.44e+08,9.53e+08] amt_000001:[6.24e+07,1.61e+08] vol_002475:[6.00e+07,5.54e+08] amt_002475:[3.44e+05,3.64e+06]"
2025-09-09,600239360.0,91779528.0,188129328.0,910350.25,0.30719448119005693,0.2990685474565839,0.25935901777797016,0.17199867091176627,0.21912359649131485,0.21332732105814037,0.040235421286655304,-0.0413286501463741,1.3877787807814457e-17,"vol_000001:[4.44e+08,9.53e+08] amt_000001:[6.24e+07,1.61e+08] vol_002475:[6.00e+07,5.54e+08] amt_002475:[3.44e+05,3.64e+06]"
2025-09-10,534539840.0,82111360.0,201877344.0,954939.19,0.17799934078140434,0.20074772964010365,0.2871800423000499,0.1855470174533955,0.21850991086588795,0.24643556721964588,0.06867013143416195,-0.06088854976625038,-8.673617379884035e-18,"vol_000001:[4.44e+08,9.53e+08] amt_000001:[6.24e+07,1.61e+08] vol_002475:[6.00e+07,5.54e+08] amt_002475:[3.44e+05,3.64e+06]"
2025-09-11,617012928.0,101679400.0,284214400.0,1430645.38,0.34017894550447025,0.39974568828807067,0.4538005389631214,0.33009031258707955,0.3535225032158881,0.4154257582396433,0.10027803574723332,-0.08533544565256374,6.245004513516506e-17,"vol_000001:[4.44e+08,9.53e+08] amt_000001:[6.24e+07,1.61e+08] vol_002475:[6.00e+07,5.54e+08] amt_002475:[3.44e+05,3.64e+06]"
2025-09-12,700641792.0,109380728.0,425849216.0,2309305.75,0.5046313315598951,0.4780646487398293,0.7404183090556391,0.5970712093107107,0.6883109114041983,0.6520742837490338,0.05210739765144079,-0.055003074438323085,-9.020562075079397e-17,"vol_000001:[4.44e+08,9.53e+08] amt_000001:[6.24e+07,1.61e+08] vol_002475:[6.00e+07,5.54e+08] amt_002475:[3.44e+05,3.64e+06]"
2025-09-15,644793920.0,98617200.0,249499808.0,1323738.38,0.39480901224059944,0.3686045239725948,0.38355072871370116,0.2976066275358996,0.3533784854743829,0.32992384768831445,0.030172243239318275,-0.03231722015241484,-6.591949208711867e-17,"vol_000001:[4.44e+08,9.53e+08] amt_000001:[6.24e+07,1.61e+08] vol_002475:[6.00e+07,5.54e+08] amt_002475:[3.44e+05,3.64e+06]"
2025-09-16,673439744.0,98978616.0,200349024.0,1061098.88,0.4511397320662778,0.3722799583146502,0.2840872739909655,0.21780363240930012,0.27592595240251894,0.22769376039627756,0.008161321588446568,-0.009890127986977443,-4.336808689942018e-18,"vol_000001:[4.44e+08,9.53e+08] amt_000001:[6.24e+07,1.61e+08] vol_002475:[6.00e+07,5.54e+08] amt_002475:[3.44e+05,3.64e+06]"
2025-09-17,663434688.0,100667912.0,194955232.0,1019239.0,0.43146524106974643,0.38945932096682057,0.27317218489745576,0.2050845105725618,0.2525342386805441,0.22794840407897216,0.020637946216911673,-0.022863893506410354,-1.734723475976807e-17,"vol_000001:[4.44e+08,9.53e+08] amt_000001:[6.24e+07,1.61e+08] vol_002475:[6.00e+07,5.54e+08] amt_002475:[3.44e+05,3.64e+06]"
2025-09-18,876027392.0,136596240.0,315536224.0,1669244.0,0.8495191970672198,0.7548338771121778,0.5171846107870316,0.4025884878770621,0.4889062922915505,0.4344139996235653,0.02827831849548107,-0.03182551174650322,6.938893903907228e-18,"vol_000001:[4.44e+08,9.53e+08] amt_000001:[6.24e+07,1.61e+08] vol_002475:[6.00e+07,5.54e+08] amt_002475:[3.44e+05,3.64e+06]"
2025-09-19,682292608.0,101634824.0,319704000.0,1782756.75,0.4685484895046686,0.3992923708886433,0.5256186858054587,0.4370793296394661,0.5202634840537325,0.4433633758038842,0.005355201751726213,-0.006284046164418078,-1.0711917464156784e-16,"vol_000001:[4.44e+08,9.53e+08] amt_000001:[6.24e+07,1.61e+08] vol_002475:[6.00e+07,5.54e+08] amt_002475:[3.44e+05,3.64e+06]"
2025-09-22,568325696.0,94180000.0,90279352.0,550160.06,0.24443770151442823,0.32348024263870756,0.061345967619975315,0.06255490492371442,0.05238586225761403,0.06932560455667128,0.008960105362361283,-0.006770699632956859,2.6020852139652106e-18,"vol_000001:[4.44e+08,9.53e+08] amt_000001:[6.24e+07,1.61e+08] vol_002475:[6.00e+07,5.54e+08] amt_002475:[3.44e+05,3.64e+06]"
2025-09-23,701902848.0,107169784.0,554123904.0,3635384.0,0.5071111412599231,0.45558036606844415,1.0,1.0,1.0505178450355646,0.9437680726431299,-0.05051784503556456,0.056231927356870104,-4.163336342344337e-17,"vol_000001:[4.44e+08,9.53e+08] amt_000001:[6.24e+07,1.61e+08] vol_002475:[6.00e+07,5.54e+08] amt_002475:[3.44e+05,3.64e+06]"
2025-09-24,602056640.0,101570784.0,451635552.0,2990669.0,0.31076808027817565,0.398641113569473,0.7926005502016042,0.8041033888541305,0.6895066720569676,0.8844721353503628,0.10309387814463666,-0.08036874649623238,1.457167719820518e-16,"vol_000001:[4.44e+08,9.53e+08] amt_000001:[6.24e+07,1.61e+08] vol_002475:[6.00e+07,5.54e+08] amt_002475:[3.44e+05,3.64e+06]"
2025-09-25,589950528.0,100121136.0,331771552.0,2298886.25,0.2869619574991527,0.38389886075528684,0.5500390574513363,0.5939052449080918,0.4819724113199821,0.6447846301082121,0.06806664613135421,-0.05087938520012025,-3.122502256758253e-17,"vol_000001:[4.44e+08,9.53e+08] amt_000001:[6.24e+07,1.61e+08] vol_002475:[6.00e+07,5.54e+08] amt_002475:[3.44e+05,3.64e+06]"
2025-09-26,551275328.0,92786488.0,332090880.0,2196550.5,0.21090892249474594,0.30930886710229993,0.5506852621196017,0.5628105338744244,0.436742197204102,0.6405050703169531,0.11394306491549966,-0.07769453644252877,-1.0408340855860843e-17,"vol_000001:[4.44e+08,9.53e+08] amt_000001:[6.24e+07,1.61e+08] vol_002475:[6.00e+07,5.54e+08] amt_002475:[3.44e+05,3.64e+06]"
2025-09-29,608466368.0,96821240.0,262852480.0,1691839.25,0.3233725210555401,0.3503404375432231,0.4105717196077536,0.4094540531314671,0.3929494668546129,0.42571980977498336,0.01762225275314072,-0.01626575664351626,-2.688821387764051e-17,"vol_000001:[4.44e+08,9.53e+08] amt_000001:[6.24e+07,1.61e+08] vol_002475:[6.00e+07,5.54e+08] amt_002475:[3.44e+05,3.64e+06]"
2025-09-30,569734656.0,97327496.0,229529056.0,1488445.38,0.24720835775408076,0.3554888280081488,0.3431371314996469,0.34765283885718534,0.274804118551521,0.3951718903163984,0.06833301294812594,-0.047519051459213035,-6.938893903907228e-18,"vol_000001:[4.44e+08,9.53e+08] amt_000001:[6.24e+07,1.61e+08] vol_002475:[6.00e+07,5.54e+08] amt_002475:[3.44e+05,3.64e+06]"
2025-10-09,725218496.0,121688872.0,261650976.0,1704651.0,0.5529603105853416,0.6032328071627078,0.4081403089774942,0.4133469025422115,0.39225072266878885,0.42791227510817087,0.01588958630870535,-0.014565372565959356,-5.204170427930421e-17,"vol_000001:[4.44e+08,9.53e+08] amt_000001:[6.24e+07,1.61e+08] vol_002475:[6.00e+07,5.54e+08] amt_002475:[3.44e+05,3.64e+06]"
2025-10-10,718917696.0,113212720.0,260955088.0,1625852.5,0.5405700718029754,0.5170342433213684,0.4067320827205113,0.3894039834021608,0.40692217924182017,0.38920523352920605,-0.0001900965213088579,0.0001987498729547621,-4.164691595059944e-17,"vol_000001:[4.44e+08,9.53e+08] amt_000001:[6.24e+07,1.61e+08] vol_002475:[6.00e+07,5.54e+08] amt_002475:[3.44e+05,3.64e+06]"
2025-10-13,709506112.0,108541360.0,267290304.0,1530647.5,0.5220626167051631,0.4695286625830948,0.41955227435315645,0.3604759502958386,0.411170584263385,0.36979543898605977,0.008381690089771465,-0.009319488690221145,1.214306433183765e-17,"vol_000001:[4.44e+08,9.53e+08] amt_000001:[6.24e+07,1.61e+08] vol_002475:[6.00e+07,5.54e+08] amt_002475:[3.44e+05,3.64e+06]"
2025-10-14,800839616.0,120998384.0,248599088.0,1424131.63,0.701665829533723,0.5962108620690286,0.38172799638581273,0.3281111100699186,0.3835803212764899,0.32593115468220135,-0.0018523248906771594,0.0021799553877172584,-2.190088388420719e-17,"vol_000001:[4.44e+08,9.53e+08] amt_000001:[6.24e+07,1.61e+08] vol_002475:[6.00e+07,5.54e+08] amt_002475:[3.44e+05,3.64e+06]"
2025-10-15,645012928.0,96155216.0,242527392.0,1367349.5,0.39523968158659495,0.3435672800675355,0.36944107416324523,0.31085786353362865,0.364349314012929,0.3167154226706067,0.005091760150316205,-0.005857559136978052,-4.336808689942018e-19,"vol_000001:[4.44e+08,9.53e+08] amt_000001:[6.24e+07,1.61e+08] vol_002475:[6.00e+07,5.54e+08] amt_002475:[3.44e+05,3.64e+06]"
2025-10-16,595451520.0,86926456.0,256325536.0,1533403.75,0.29777940995279123,0.24971503932947425,0.3973635396726822,0.36131343668047494,0.41119275655908893,0.34482241533229735,-0.013829216886406759,0.016491021348177592,-1.3877787807814457e-17,"vol_000001:[4.44e+08,9.53e+08] amt_000001:[6.24e+07,1.61e+08] vol_002475:[6.00e+07,5.54e+08] amt_002475:[3.44e+05,3.64e+06]"
2025-10-17,617563008.0,87318160.0,179240224.0,1016562.0,0.3412606529939008,0.25369848868844136,0.241370678197676,0.2042711042953114,0.25326040175278963,0.18827773024995814,-0.01188972355511364,0.015993374045353254,1.9081958235744878e-17,"vol_000001:[4.44e+08,9.53e+08] amt_000001:[6.24e+07,1.61e+08] vol_002475:[6.00e+07,5.54e+08] amt_002475:[3.44e+05,3.64e+06]"
2025-10-20,549261696.0,77250328.0,162519568.0,927250.81,0.20694920606194164,0.15131327197738198,0.20753410275280745,0.17713390497715553,0.21963263173051153,0.16058690329162245,-0.012098528977704082,0.01654700168553308,1.1275702593849246e-17,"vol_000001:[4.44e+08,9.53e+08] amt_000001:[6.24e+07,1.61e+08] vol_002475:[6.00e+07,5.54e+08] amt_002475:[3.44e+05,3.64e+06]"
2025-10-21,599415744.0,83793840.0,292936576.0,1782115.13,0.3055748775040207,0.21785777671002132,0.471451076493911,0.4368843734438705,0.5190816160732281,0.3700761258008535,-0.04763053957931712,0.06680824764301702,-2.949029909160572e-17,"vol_000001:[4.44e+08,9.53e+08] amt_000001:[6.24e+07,1.61e+08] vol_002475:[6.00e+07,5.54e+08] amt_002475:[3.44e+05,3.64e+06]"
2025-10-22,543117312.0,74152480.0,132425024.0,798654.31,0.19486655228296915,0.11980958391247166,0.1466336028839676,0.13805986675062162,0.16800751190246657,0.10329587022186652,-0.021373909018498977,0.0347639965287551,8.673617379884035e-19,"vol_000001:[4.44e+08,9.53e+08] amt_000001:[6.24e+07,1.61e+08] vol_002475:[6.00e+07,5.54e+08] amt_002475:[3.44e+05,3.64e+06]"
2025-10-23,565189248.0,71893104.0,109740952.0,652469.31,0.23827001810145296,0.09683277009676967,0.10072922487243323,0.09364156393409195,0.11911243460812547,0.048407210810569,-0.01838320973569224,0.045234353123522954,-3.469446951953614e-18,"vol_000001:[4.44e+08,9.53e+08] amt_000001:[6.24e+07,1.61e+08] vol_002475:[6.00e+07,5.54e+08] amt_002475:[3.44e+05,3.64e+06]"
2025-10-24,567858432.0,85849128.0,234445776.0,1473675.63,0.24351884795068973,0.23875910951768436,0.3530867989780816,0.3431650512727927,0.35157687788155373,0.34470507312438065,0.0015099210965278664,-0.0015400218515879693,-1.0787811616230769e-17,"vol_000001:[4.44e+08,9.53e+08] amt_000001:[6.24e+07,1.61e+08] vol_002475:[6.00e+07,5.54e+08] amt_002475:[3.44e+05,3.64e+06]"
2025-10-27,637589568.0,104340400.0,233992064.0,1519542.25,0.38064197923650206,0.42680683329606534,0.35216864957543603,0.35710162079997193,0.33340244272429087,0.3738380119758518,0.018766206851145162,-0.016736391175879883,-4.336808689942018e-18,"vol_000001:[4.44e+08,9.53e+08] amt_000001:[6.24e+07,1.61e+08] vol_002475:[6.00e+07,5.54e+08] amt_002475:[3.44e+05,3.64e+06]"
2025-10-28,577357696.0,94076088.0,142632784.0,926274.06,0.2621987218106336,0.32242350543462234,0.16729042647767775,0.17683711955268624,0.15315443157631026,0.18833268278609247,0.014135994901367493,-0.011495563233406225,-6.5052130349130266e-18,"vol_000001:[4.44e+08,9.53e+08] amt_000001:[6.24e+07,1.61e+08] vol_002475:[6.00e+07,5.54e+08] amt_002475:[3.44e+05,3.64e+06]"
2025-10-29,612917440.0,96821568.0,180052784.0,1198370.38,0.33212535322248776,0.3503437731522282,0.24301500649098473,0.2595135688260272,0.2445968531882066,0.2580139806120521,-0.0015818466972218614,0.0014995882139751116,1.5178830414797062e-17,"vol_000001:[4.44e+08,9.53e+08] amt_000001:[6.24e+07,1.61e+08] vol_002475:[6.00e+07,5.54e+08] amt_002475:[3.44e+05,3.64e+06]"
2025-10-30,668485632.0,107005856.0,178788416.0,1167578.63,0.44139769444651755,0.45391329377273937,0.2404563818041257,0.25015749757555095,0.24189736932270037,0.24875624192353324,-0.0014409875185746601,0.0014012556520177077,-3.8163916471489756e-17,"vol_000001:[4.44e+08,9.53e+08] amt_000001:[6.24e+07,1.61e+08] vol_002475:[6.00e+07,5.54e+08] amt_002475:[3.44e+05,3.64e+06]"
2025-10-31,675615424.0,103110464.0,173415232.0,1115867.5,0.45541810857624765,0.41429895037740583,0.2295829958678825,0.23444507406202406,0.24232134727868454,0.22044244166191215,-0.01273835141080204,0.014002632400111903,-2.42861286636753e-17,"vol_000001:[4.44e+08,9.53e+08] amt_000001:[6.24e+07,1.61e+08] vol_002475:[6.00e+07,5.54e+08] amt_002475:[3.44e+05,3.64e+06]"
2025-11-03,641245952.0,94170368.0,140414272.0,869326.13,0.38783209332360574,0.32338228963280113,0.16280095856066862,0.15953349469709546,0.17450058755372524,0.1455021400158017,-0.011699628993056627,0.014031354681293767,0.0,"vol_000001:[4.44e+08,9.53e+08] amt_000001:[6.24e+07,1.61e+08] vol_002475:[6.00e+07,5.54e+08] amt_002475:[3.44e+05,3.64e+06]"
2025-11-04,615493760.0,85293840.0,128990576.0,790110.44,0.3371915702075985,0.2331120861846519,0.13968351917532135,0.13546381240246644,0.15787772869731284,0.10914628344969146,-0.018194209521991495,0.026317528952774977,0.0,"vol_000001:[4.44e+08,9.53e+08] amt_000001:[6.24e+07,1.61e+08] vol_002475:[6.00e+07,5.54e+08] amt_002475:[3.44e+05,3.64e+06]"
2025-11-05,614991616.0,82713360.0,112172864.0,676039.75,0.33620412669834054,0.2068697925092554,0.10565053740127665,0.10080344060706689,0.12162709992062479,0.07483838217922242,-0.015976562519348134,0.025965058427844467,0.0,"vol_000001:[4.44e+08,9.53e+08] amt_000001:[6.24e+07,1.61e+08] vol_002475:[6.00e+07,5.54e+08] amt_002475:[3.44e+05,3.64e+06]"
2025-11-06,627367552.0,93027552.0,132471320.0,807558.5,0.3605408461935286,0.3117603770084281,0.1467272892857927,0.14076540430752496,0.15359956171007066,0.13281784234055105,-0.006872272424277959,0.00794756196697391,3.0357660829594124e-18,"vol_000001:[4.44e+08,9.53e+08] amt_000001:[6.24e+07,1.61e+08] vol_002475:[6.00e+07,5.54e+08] amt_002475:[3.44e+05,3.64e+06]"
2025-11-07,596507008.0,87548680.0,105363368.0,634631.31,0.299854979460143,0.25604277096850264,0.09187057415428858,0.08822148878519667,0.09669735866165934,0.08256877942011079,-0.004826784507370757,0.005652709365085884,0.0,"vol_000001:[4.44e+08,9.53e+08] amt_000001:[6.24e+07,1.61e+08] vol_002475:[6.00e+07,5.54e+08] amt_002475:[3.44e+05,3.64e+06]"
2025-11-10,634049984.0,96058864.0,153527584.0,891165.56,0.3736815470770552,0.34258742458320246,0.18933757116845748,0.1661694040932743,0.18564484222690134,0.170197294683525,0.003692728941556145,-0.004027890590250716,8.890457814381136e-18,"vol_000001:[4.44e+08,9.53e+08] amt_000001:[6.24e+07,1.61e+08] vol_002475:[6.00e+07,5.54e+08] amt_002475:[3.44e+05,3.64e+06]"
2025-11-11,581994944.0,85836216.0,108489720.0,618929.31,0.27131766067761076,0.23862780042172674,0.09819718271050885,0.08345043709846309,0.09675141270675747,0.08509426457624412,0.001445770003751387,-0.0016438274777810374,3.0357660829594124e-18,"vol_000001:[4.44e+08,9.53e+08] amt_000001:[6.24e+07,1.61e+08] vol_002475:[6.00e+07,5.54e+08] amt_002475:[3.44e+05,3.64e+06]"
2025-11-12,586193216.0,84046720.0,135717536.0,781541.69,0.2795733730559313,0.22042944989665103,0.15329645933476324,0.13286019826791678,0.1591278115450781,0.12546422278605962,-0.005831352210314861,0.007395975481857164,7.37257477290143e-18,"vol_000001:[4.44e+08,9.53e+08] amt_000001:[6.24e+07,1.61e+08] vol_002475:[6.00e+07,5.54e+08] amt_002475:[3.44e+05,3.64e+06]"
2025-11-13,613031040.0,87640096.0,93995272.0,539744.5,0.3323487424945924,0.2569724296051245,0.068865649110169,0.05939013768984134,0.07183833838000442,0.05554548578623001,-0.0029726892698354185,0.003844651903611329,6.505213034913027e-19,"vol_000001:[4.44e+08,9.53e+08] amt_000001:[6.24e+07,1.61e+08] vol_002475:[6.00e+07,5.54e+08] amt_002475:[3.44e+05,3.64e+06]"
2025-11-14,622017088.0,83796952.0,101754424.0,582932.44,0.35001940025706757,0.21788942431741135,0.08456737349443973,0.07251279047187857,0.09348159066036554,0.05819291718774283,-0.008914217165925817,0.01431987328413574,3.903127820947816e-18,"vol_000001:[4.44e+08,9.53e+08] amt_000001:[6.24e+07,1.61e+08] vol_002475:[6.00e+07,5.54e+08] amt_002475:[3.44e+05,3.64e+06]"
2025-11-17,592017920.0,80573312.0,74185640.0,420565.72,0.2910273905452347,0.1851064895208792,0.02877810064896734,0.023177673077572146,0.030985044875070734,0.019707879982450563,-0.0022069442261033953,0.003469793095121583,-1.1926223897340549e-18,"vol_000001:[4.44e+08,9.53e+08] amt_000001:[6.24e+07,1.61e+08] vol_002475:[6.00e+07,5.54e+08] amt_002475:[3.44e+05,3.64e+06]"
2025-11-18,594411072.0,79094864.0,105402888.0,597406.31,0.295733415926535,0.17007135396478013,0.0919505483766864,0.0769106749373647,0.10233596123795567,0.05885170410147332,-0.010385412861269275,0.018058970835891378,-8.673617379884035e-18,"vol_000001:[4.44e+08,9.53e+08] amt_000001:[6.24e+07,1.61e+08] vol_002475:[6.00e+07,5.54e+08] amt_002475:[3.44e+05,3.64e+06]"
2025-11-19,531149600.0,72090880.0,93532984.0,533093.69,0.17133258685658068,0.09884406097053937,0.06793014497748082,0.05736928950052502,0.07579911015952819,0.04372952048166232,-0.007868965182047369,0.013639769018862699,-1.3010426069826053e-18,"vol_000001:[4.44e+08,9.53e+08] amt_000001:[6.24e+07,1.61e+08] vol_002475:[6.00e+07,5.54e+08] amt_002475:[3.44e+05,3.64e+06]"
2025-11-20,534749536.0,71134128.0,95981224.0,543603.06,0.1784116984997428,0.0891143335715582,0.07288449948768336,0.06056256089684446,0.08254162584430236,0.04122847347388777,-0.009657126356619,0.01933408742295669,1.734723475976807e-18,"vol_000001:[4.44e+08,9.53e+08] amt_000001:[6.24e+07,1.61e+08] vol_002475:[6.00e+07,5.54e+08] amt_002475:[3.44e+05,3.64e+06]"
2025-11-21,631646272.0,82493112.0,149999600.0,802060.19,0.3689547559324325,0.20462997174047645,0.1821982043407272,0.1390947431688366,0.19833450978121994,0.11000043902164726,-0.016136305440492743,0.029094304147189345,0.0,"vol_000001:[4.44e+08,9.53e+08] amt_000001:[6.24e+07,1.61e+08] vol_002475:[6.00e+07,5.54e+08] amt_002475:[3.44e+05,3.64e+06]"
2025-11-24,504601728.0,71553920.0,95703000.0,507729.34,0.11912739493750826,0.09338342496020761,0.07232147448635726,0.04966233338981297,0.068908080910445,0.05401673230769508,0.003413393575912263,-0.004354398917882113,2.168404344971009e-19,"vol_000001:[4.44e+08,9.53e+08] amt_000001:[6.24e+07,1.61e+08] vol_002475:[6.00e+07,5.54e+08] amt_002475:[3.44e+05,3.64e+06]"
2025-11-25,478727616.0,72278880.0,145075984.0,805018.81,0.06824712164496056,0.10075593442469308,0.1722345818461575,0.1399937196649138,0.11917077096351797,0.17593653908225967,0.053063810882639534,-0.03594281941734587,-2.6020852139652106e-18,"vol_000001:[4.44e+08,9.53e+08] amt_000001:[6.24e+07,1.61e+08] vol_002475:[6.00e+07,5.54e+08] amt_002475:[3.44e+05,3.64e+06]"
2025-11-26,457589760.0,70101984.0,159153920.0,913636.56,0.02668048198217643,0.07861790423930277,0.2007232454232343,0.17299721599319728,0.07337658319329124,0.21621472935725536,0.12734666222994306,-0.043217513364058074,-2.168404344971009e-18,"vol_000001:[4.44e+08,9.53e+08] amt_000001:[6.24e+07,1.61e+08] vol_002475:[6.00e+07,5.54e+08] amt_002475:[3.44e+05,3.64e+06]"
2025-11-27,444021952.0,69851912.0,126380424.0,731981.0,0.0,0.07607478712000956,0.13440151318999552,0.11780118580961976,0.0,0.11780118580961978,0.13440151318999552,-1.3877787807814457e-17,-1.055749753176149e-18,"vol_000001:[4.44e+08,9.53e+08] amt_000001:[6.24e+07,1.61e+08] vol_002475:[6.00e+07,5.54e+08] amt_002475:[3.44e+05,3.64e+06]"
2025-11-28,449931968.0,64575584.0,96257752.0,554354.25,0.011621779686326224,0.022416960318903747,0.07344409239687415,0.06382930928455896,0.041639742429274505,0.08031785827300339,0.03180434996759964,-0.01648854898844443,3.2526065174565133e-19,"vol_000001:[4.44e+08,9.53e+08] amt_000001:[6.24e+07,1.61e+08] vol_002475:[6.00e+07,5.54e+08] amt_002475:[3.44e+05,3.64e+06]"
2025-12-01,537554112.0,78565832.0,137736224.0,796990.44,0.183926770605395,0.1646913420647916,0.15738155556613423,0.13755429995849286,0.15570778866690754,0.13942355754460117,0.0016737668992266863,-0.0018692575861083138,-9.215718466126788e-19,"vol_000001:[4.44e+08,9.53e+08] amt_000001:[6.24e+07,1.61e+08] vol_002475:[6.00e+07,5.54e+08] amt_002475:[3.44e+05,3.64e+06]"
2025-12-02,455584480.0,62744068.0,181396512.0,1092031.25,0.022737189380363468,0.0037912857377453897,0.2457342271871932,0.2272024310377021,0.27594654774581695,0.04601238056944349,-0.030212320558623745,0.18119005046825862,-4.336808689942018e-19,"vol_000001:[4.44e+08,9.53e+08] amt_000001:[6.24e+07,1.61e+08] vol_002475:[6.00e+07,5.54e+08] amt_002475:[3.44e+05,3.64e+06]"
2025-12-03,485617280.0,64716656.0,108086640.0,640896.13,0.08179533490205042,0.023851597616373805,0.09738149420939277,0.09012505393792129,0.11397096731099786,0.03323404269334032,-0.016589473101605093,0.05689101124458097,-2.8189256484623115e-18,"vol_000001:[4.44e+08,9.53e+08] amt_000001:[6.24e+07,1.61e+08] vol_002475:[6.00e+07,5.54e+08] amt_002475:[3.44e+05,3.64e+06]"
2025-12-04,445040288.0,62371260.0,103890856.0,608581.81,0.002002511776390233,0.0,0.08889074110339189,0.08030634989119805,0.08889074110339187,0.0,1.3877787807814457e-17,0.08030634989119805,2.779043351539325e-20,"vol_000001:[4.44e+08,9.53e+08] amt_000001:[6.24e+07,1.61e+08] vol_002475:[6.00e+07,5.54e+08] amt_002475:[3.44e+05,3.64e+06]"
2025-12-05,500368768.0,71674248.0,71699568.0,424866.25,0.11080347017300146,0.09460710532718318,0.02374718781938845,0.024484388840554473,0.025825372971595123,0.022050426552731005,-0.002078185152206674,0.0024339622878234678,-1.6263032587282567e-19,"vol_000001:[4.44e+08,9.53e+08] amt_000001:[6.24e+07,1.61e+08] vol_002475:[6.00e+07,5.54e+08] amt_002475:[3.44e+05,3.64e+06]"
2025-12-08,547349760.0,83943904.0,111448048.0,669019.56,0.2031894702225876,0.21938385850802194,0.10418377130862767,0.09867035632858707,0.09729555528501668,0.10505010082818109,0.006888216023610991,-0.006379744499594012,-7.806255641895632e-18,"vol_000001:[4.44e+08,9.53e+08] amt_000001:[6.24e+07,1.61e+08] vol_002475:[6.00e+07,5.54e+08] amt_002475:[3.44e+05,3.64e+06]"
2025-12-09,524538240.0,78116040.0,110658152.0,671466.88,0.1583316458528694,0.16011716448664956,0.10258530677484384,0.09941397435265896,0.10042134527290211,0.10155380481532775,0.00216396150194173,-0.0021398304626687875,-2.710505431213761e-19,"vol_000001:[4.44e+08,9.53e+08] amt_000001:[6.24e+07,1.61e+08] vol_002475:[6.00e+07,5.54e+08] amt_002475:[3.44e+05,3.64e+06]"
2025-12-10,497331520.0,73035984.0,95668512.0,563261.38,0.1048308590821457,0.10845533357168022,0.0722516832165684,0.06653574016027258,0.06814705013723008,0.07050320029112582,0.004104633079338324,-0.003967460130853237,-2.168404344971009e-19,"vol_000001:[4.44e+08,9.53e+08] amt_000001:[6.24e+07,1.61e+08] vol_002475:[6.00e+07,5.54e+08] amt_002475:[3.44e+05,3.64e+06]"
2025-12-11,525658592.0,76435016.0,87639848.0,520084.38,0.16053476748826515,0.14302192426646196,0.05600456377594956,0.05341641149652936,0.05775359318707494,0.05145321577471797,-0.001749029411125376,0.0019631957218113963,2.1141942363467336e-18,"vol_000001:[4.44e+08,9.53e+08] amt_000001:[6.24e+07,1.61e+08] vol_002475:[6.00e+07,5.54e+08] amt_002475:[3.44e+05,3.64e+06]"
2025-12-12,573947136.0,90995088.0,132191888.0,790096.38,0.25549200952305323,0.29109115377373107,0.1461618197282759,0.13545954027237375,0.1307591360291551,0.1489785447468116,0.015402683699120817,-0.013519004474437851,6.071532165918825e-18,"vol_000001:[4.44e+08,9.53e+08] amt_000001:[6.24e+07,1.61e+08] vol_002475:[6.00e+07,5.54e+08] amt_002475:[3.44e+05,3.64e+06]"
2025-12-15,500922784.0,76460488.0,122673496.0,714377.13,0.11189291762876126,0.1432809627804205,0.1269000282637644,0.11245225104611582,0.1026231636025569,0.13141087028699852,0.0242768646612075,-0.0189586192408827,-1.3010426069826053e-18,"vol_000001:[4.44e+08,9.53e+08] amt_000001:[6.24e+07,1.61e+08] vol_002475:[6.00e+07,5.54e+08] amt_002475:[3.44e+05,3.64e+06]"
2025-12-16,512494816.0,73329400.0,72495952.0,413858.84,0.1346487961961149,0.11143923921755236,0.025358781724501157,0.021139788022374113,0.025433503777623035,0.02104950353575337,-7.472205312187771e-05,9.02844866207432e-05,-7.453889935837843e-20,"vol_000001:[4.44e+08,9.53e+08] amt_000001:[6.24e+07,1.61e+08] vol_002475:[6.00e+07,5.54e+08] amt_002475:[3.44e+05,3.64e+06]"
2025-12-17,512313696.0,76682056.0,76178568.0,442795.38,0.13429263189185794,0.1455342073415371,0.03281106793375515,0.02993215383406904,0.030007375425741934,0.03251927924461242,0.002803692508013215,-0.0025871254105433797,-9.215718466126788e-19,"vol_000001:[4.44e+08,9.53e+08] amt_000001:[6.24e+07,1.61e+08] vol_002475:[6.00e+07,5.54e+08] amt_002475:[3.44e+05,3.64e+06]"
2025-12-18,461172640.0,70489560.0,59964676.0,344285.72,0.03372605377124511,0.08255937373859573,0.0,0.0,0.0,0.0,0.0,0.0,0.0,"vol_000001:[4.44e+08,9.53e+08] amt_000001:[6.24e+07,1.61e+08] vol_002475:[6.00e+07,5.54e+08] amt_002475:[3.44e+05,3.64e+06]"
2025-12-19,513511904.0,73806600.0,61846148.0,353431.16,0.13664885383683975,0.11629214353841484,0.0038074205506893823,0.0027788413538352313,0.0035796976636595936,0.003046426682974491,0.00022772288702978868,-0.00026758532913925956,1.3552527156068805e-20,"vol_000001:[4.44e+08,9.53e+08] amt_000001:[6.24e+07,1.61e+08] vol_002475:[6.00e+07,5.54e+08] amt_002475:[3.44e+05,3.64e+06]"
2025-12-22,522939008.0,78975640.0,77726256.0,448581.63,0.15518682831408054,0.16885890076957788,0.035943030087459985,0.0316903055231763,0.03224654829621907,0.0350874926568662,0.0036964817912409145,-0.0033971871336898954,0.0,"vol_000001:[4.44e+08,9.53e+08] amt_000001:[6.24e+07,1.61e+08] vol_002475:[6.00e+07,5.54e+08] amt_002475:[3.44e+05,3.64e+06]"
2025-12-23,521156960.0,80685344.0,77505600.0,450763.16,0.15168251136359204,0.18624580338692043,0.035496501949367626,0.03235316327289989,0.029996890471034737,0.03683216288195177,0.005499611478332889,-0.004478999609051883,-8.673617379884035e-19,"vol_000001:[4.44e+08,9.53e+08] amt_000001:[6.24e+07,1.61e+08] vol_002475:[6.00e+07,5.54e+08] amt_002475:[3.44e+05,3.64e+06]"
2025-12-24,474896448.0,77392864.0,91859272.0,540424.63,0.06071330271159337,0.15276279748089927,0.06454315571336453,0.059596795146451845,0.029259136353838908,0.07361990406814103,0.03528401935952562,-0.01402310892168919,2.168404344971009e-18,"vol_000001:[4.44e+08,9.53e+08] amt_000001:[6.24e+07,1.61e+08] vol_002475:[6.00e+07,5.54e+08] amt_002475:[3.44e+05,3.64e+06]"
2025-12-25,469313088.0,78501864.0,79411048.0,469705.06,0.0497338773040401,0.16404081695247616,0.039352441274252595,0.03810865836555936,0.013893880184753337,0.045827182188379494,0.02545856108949926,-0.007718523822820136,1.0842021724855044e-18,"vol_000001:[4.44e+08,9.53e+08] amt_000001:[6.24e+07,1.61e+08] vol_002475:[6.00e+07,5.54e+08] amt_002475:[3.44e+05,3.64e+06]"
2025-12-26,555489600.0,89364440.0,74266496.0,435491.75,0.21919609815082766,0.2745082142829395,0.02894172402260593,0.02771294632987989,0.02478151048837985,0.031034896372645133,0.0041602135342260795,-0.0033219500427652433,-1.0842021724855044e-19,"vol_000001:[4.44e+08,9.53e+08] amt_000001:[6.24e+07,1.61e+08] vol_002475:[6.00e+07,5.54e+08] amt_002475:[3.44e+05,3.64e+06]"
2025-12-29,563687168.0,90381976.0,93055056.0,544170.13,0.23531624558523018,0.28485608697999126,0.06696299112722429,0.06073486507975083,0.056982950216514346,0.06897925888152422,0.00998004091070994,-0.008244393801773386,3.903127820947816e-18,"vol_000001:[4.44e+08,9.53e+08] amt_000001:[6.24e+07,1.61e+08] vol_002475:[6.00e+07,5.54e+08] amt_002475:[3.44e+05,3.64e+06]"
2025-12-30,525932576.0,88753336.0,99164728.0,578361.94,0.16107354465664817,0.26829356792481635,0.07932676307321736,0.0711240443418177,0.052404129065381964,0.08728739900096064,0.026922634007835393,-0.01616335465914294,6.071532165918825e-18,"vol_000001:[4.44e+08,9.53e+08] amt_000001:[6.24e+07,1.61e+08] vol_002475:[6.00e+07,5.54e+08] amt_002475:[3.44e+05,3.64e+06]"
2025-12-31,490751488.0,82951192.0,104905176.0,600387.0,0.09189152317629089,0.20928843446323564,0.09094335884788941,0.07781635740151766,0.043342927939216014,0.09871610807939929,0.0476004309086734,-0.020899750677881634,0.0,"vol_000001:[4.44e+08,9.53e+08] amt_000001:[6.24e+07,1.61e+08] vol_002475:[6.00e+07,5.54e+08] amt_002475:[3.44e+05,3.64e+06]"
2026-01-05,596950464.0,106733416.0,159455280.0,935844.25,0.30072701566657284,0.4511427043905604,0.2013330893418022,0.1797450211666119,0.14489427107466166,0.2173665480583152,0.056438818267140534,-0.03762152689170331,3.469446951953614e-18,"vol_000001:[4.44e+08,9.53e+08] amt_000001:[6.24e+07,1.61e+08] vol_002475:[6.00e+07,5.54e+08] amt_002475:[3.44e+05,3.64e+06]"
2026-01-06,702472256.0,117576864.0,141539968.0,833055.63,0.5082308563888891,0.5614155787666032,0.16507896114812612,0.1485127056126686,0.14824180039954482,0.16375482740274874,0.016837160748581298,-0.015242121790080138,-3.2959746043559335e-17,"vol_000001:[4.44e+08,9.53e+08] amt_000001:[6.24e+07,1.61e+08] vol_002475:[6.00e+07,5.54e+08] amt_002475:[3.44e+05,3.64e+06]"
2026-01-07,683384320.0,119742280.0,187357392.0,1082984.88,0.47069529187287173,0.5834368626368144,0.25779689780476994,0.22445369209697374,0.2113267848903646,0.2619440612566394,0.04647011291440534,-0.03749036915966564,2.0816681711721685e-17,"vol_000001:[4.44e+08,9.53e+08] amt_000001:[6.24e+07,1.61e+08] vol_002475:[6.00e+07,5.54e+08] amt_002475:[3.44e+05,3.64e+06]"
2026-01-08,666131328.0,118318880.0,240111696.0,1326465.25,0.43676806190362144,0.5689615398993549,0.364552576968167,0.2984351868094319,0.2793223616069987,0.3638628710523963,0.08523021536116832,-0.06542768424296441,-4.163336342344337e-17,"vol_000001:[4.44e+08,9.53e+08] amt_000001:[6.24e+07,1.61e+08] vol_002475:[6.00e+07,5.54e+08] amt_002475:[3.44e+05,3.64e+06]"
2026-01-09,729838016.0,128920600.0,154079008.0,851897.38,0.5620443881405593,0.6767761517949421,0.19045345440761455,0.15423777013429085,0.15354532390877826,0.1848889796495984,0.03690813049883629,-0.03065120951530756,0.0,"vol_000001:[4.44e+08,9.53e+08] amt_000001:[6.24e+07,1.61e+08] vol_002475:[6.00e+07,5.54e+08] amt_002475:[3.44e+05,3.64e+06]"
2026-01-12,839456064.0,144623008.0,188390480.0,1030118.5,0.7776033313821906,0.8364624125475523,0.2598874952103495,0.20839024594549635,0.22439756079783135,0.24138287157425484,0.03548993441251813,-0.03299262562875849,2.0816681711721685e-17,"vol_000001:[4.44e+08,9.53e+08] amt_000001:[6.24e+07,1.61e+08] vol_002475:[6.00e+07,5.54e+08] amt_002475:[3.44e+05,3.64e+06]"
2026-01-13,868382720.0,148157424.0,133498240.0,738510.0,0.8344862946591338,0.8724057961982763,0.14880540488459723,0.11978502203829659,0.1309319658974948,0.13688158414065724,0.01787343898710242,-0.017096562102360643,-1.5612511283791264e-17,"vol_000001:[4.44e+08,9.53e+08] amt_000001:[6.24e+07,1.61e+08] vol_002475:[6.00e+07,5.54e+08] amt_002475:[3.44e+05,3.64e+06]"
2026-01-14,952551296.0,160704128.0,169913872.0,919086.06,1.0,1.0,0.22249750641103075,0.17465304621653535,0.19857527631378305,0.19857527631378305,0.0239222300972477,-0.0239222300972477,0.0,"vol_000001:[4.44e+08,9.53e+08] amt_000001:[6.24e+07,1.61e+08] vol_002475:[6.00e+07,5.54e+08] amt_002475:[3.44e+05,3.64e+06]"
2026-01-15,680250816.0,117591504.0,262847136.0,1459726.63,0.4645333977030045,0.5615644608270757,0.4105609052797047,0.3389266485229362,0.3332600456259634,0.40287092114914336,0.07730085965374128,-0.06394427262620717,-2.7755575615628914e-17,"vol_000001:[4.44e+08,9.53e+08] amt_000001:[6.24e+07,1.61e+08] vol_002475:[6.00e+07,5.54e+08] amt_002475:[3.44e+05,3.64e+06]"
2026-01-16,763588480.0,133801728.0,259990304.0,1528492.88,0.6284131521031754,0.7264149765264651,0.4047797079689464,0.35982126914787843,0.35130013079412997,0.40608582969737717,0.05347957717481644,-0.046264560549498734,7.632783294297951e-17,"vol_000001:[4.44e+08,9.53e+08] amt_000001:[6.24e+07,1.61e+08] vol_002475:[6.00e+07,5.54e+08] amt_002475:[3.44e+05,3.64e+06]"
2026-01-19,688905856.0,119013784.0,195719952.0,1153042.5,0.4815531431751557,0.5760283936801274,0.27471970228996717,0.24574069541308258,0.23393788013564956,0.27983383189435,0.04078182215431761,-0.03409313648126744,1.0408340855860843e-17,"vol_000001:[4.44e+08,9.53e+08] amt_000001:[6.24e+07,1.61e+08] vol_002475:[6.00e+07,5.54e+08] amt_002475:[3.44e+05,3.64e+06]"
2026-01-20,734362496.0,122148568.0,177225952.0,1004835.0,0.5709415738258754,0.607907703861541,0.23729451835714782,0.20070785610206693,0.2113702962097723,0.22505565774862313,0.025924222147375525,-0.0243478016465562,-2.949029909160572e-17,"vol_000001:[4.44e+08,9.53e+08] amt_000001:[6.24e+07,1.61e+08] vol_002475:[6.00e+07,5.54e+08] amt_002475:[3.44e+05,3.64e+06]"
2026-01-21,666989504.0,118018464.0,111719952.0,642487.38,0.4384556262696219,0.5659064474759345,0.10473400691001565,0.09060855514773627,0.08315550380769043,0.10732724802336979,0.021578503102325217,-0.016718692875633517,1.734723475976807e-18,"vol_000001:[4.44e+08,9.53e+08] amt_000001:[6.24e+07,1.61e+08] vol_002475:[6.00e+07,5.54e+08] amt_002475:[3.44e+05,3.64e+06]"
2026-01-22,709695424.0,120176416.0,149804208.0,853101.88,0.5224348902076337,0.5878518259021999,0.18180280142415958,0.1546037573815632,0.15699386253935865,0.17665192443889433,0.02480893888480093,-0.02204816705733112,3.642919299551295e-17,"vol_000001:[4.44e+08,9.53e+08] amt_000001:[6.24e+07,1.61e+08] vol_002475:[6.00e+07,5.54e+08] amt_002475:[3.44e+05,3.64e+06]"
2026-01-23,782115456.0,133685704.0,144925376.0,805242.38,0.6648456141008846,0.7252350658581421,0.17192980558889817,0.1400616513949866,0.14827678898193414,0.161745109754502,0.023653016606964034,-0.02168345835951538,6.938893903907228e-18,"vol_000001:[4.44e+08,9.53e+08] amt_000001:[6.24e+07,1.61e+08] vol_002475:[6.00e+07,5.54e+08] amt_002475:[3.44e+05,3.64e+06]"
2026-01-26,887439744.0,145185984.0,127111152.0,691791.81,0.8719610721225165,0.8421876193014121,0.1358802430377765,0.10558970302157007,0.12306255140918503,0.11886053232190254,0.012817691628591463,-0.013270829300332465,-6.938893903907228e-18,"vol_000001:[4.44e+08,9.53e+08] amt_000001:[6.24e+07,1.61e+08] vol_002475:[6.00e+07,5.54e+08] amt_002475:[3.44e+05,3.64e+06]"
2026-01-27,754990848.0,128943232.0,122784312.0,660841.44,0.6115062968716315,0.6770063088162953,0.12712427986875519,0.09618543509432965,0.10496139118584781,0.11620407570368978,0.022162888682907375,-0.020018640609360122,-8.673617379884035e-18,"vol_000001:[4.44e+08,9.53e+08] amt_000001:[6.24e+07,1.61e+08] vol_002475:[6.00e+07,5.54e+08] amt_002475:[3.44e+05,3.64e+06]"
2026-01-28,823026752.0,136552608.0,151194864.0,812472.56,0.7452958309520876,0.7543901597581797,0.184616987462187,0.14225854112141556,0.16231302815005533,0.16429362160866004,0.022303959312131666,-0.02203508048724448,1.0408340855860843e-17,"vol_000001:[4.44e+08,9.53e+08] amt_000001:[6.24e+07,1.61e+08] vol_002475:[6.00e+07,5.54e+08] amt_002475:[3.44e+05,3.64e+06]"
2026-01-29,905908352.0,148579536.0,147260592.0,768663.19,0.9082787560829528,0.8766984809189131,0.17665544029868852,0.1289470668739798,0.1558853590905665,0.15046532421563916,0.020770081208122015,-0.021518257341659353,-2.42861286636753e-17,"vol_000001:[4.44e+08,9.53e+08] amt_000001:[6.24e+07,1.61e+08] vol_002475:[6.00e+07,5.54e+08] amt_002475:[3.44e+05,3.64e+06]"
2026-01-30,804342720.0,126985568.0,108558816.0,563186.56,0.7085545254198743,0.6570977671473998,0.09833700808679424,0.0665130061081008,0.08603072272669708,0.07978298603948777,0.01230628536009716,-0.013269979931386969,8.673617379884035e-18,"vol_000001:[4.44e+08,9.53e+08] amt_000001:[6.24e+07,1.61e+08] vol_002475:[6.00e+07,5.54e+08] amt_002475:[3.44e+05,3.64e+06]"
2026-02-02,732953728.0,116353272.0,138486240.0,731567.88,0.5681712951455561,0.5489722114074818,0.1588993173673972,0.11767565932427883,0.1409827593979293,0.1362188091131614,0.017916557969467894,-0.018543149788882565,-3.2959746043559335e-17,"vol_000001:[4.44e+08,9.53e+08] amt_000001:[6.24e+07,1.61e+08] vol_002475:[6.00e+07,5.54e+08] amt_002475:[3.44e+05,3.64e+06]"
2026-02-03,637684224.0,111072024.0,104663800.0,546444.0,0.38082811598773736,0.4952643504712992,0.09045490090493666,0.061425780332515625,0.06329276589619708,0.08231180754553691,0.027162135008739582,-0.020886027213021283,-5.204170427930421e-18,"vol_000001:[4.44e+08,9.53e+08] amt_000001:[6.24e+07,1.61e+08] vol_002475:[6.00e+07,5.54e+08] amt_002475:[3.44e+05,3.64e+06]"
2026-02-04,674254272.0,106354472.0,124442384.0,639086.75,0.45274146461054565,0.44728901835752416,0.13047961941530312,0.08957527394168248,0.1108145848233873,0.10948002500276173,0.01966503459191582,-0.01990475106107925,-1.3877787807814457e-17,"vol_000001:[4.44e+08,9.53e+08] amt_000001:[6.24e+07,1.61e+08] vol_002475:[6.00e+07,5.54e+08] amt_002475:[3.44e+05,3.64e+06]"
2026-02-05,596722240.0,94698888.0,75985944.0,394808.72,0.30027822347258687,0.32875709472848896,0.032421266450578155,0.015351410289698185,0.02239010246367496,0.02451361591095519,0.010031163986903194,-0.009162205621257004,-4.336808689942018e-19,"vol_000001:[4.44e+08,9.53e+08] amt_000001:[6.24e+07,1.61e+08] vol_002475:[6.00e+07,5.54e+08] amt_002475:[3.44e+05,3.64e+06]"
2026-02-06,556709824.0,89865504.0,72491144.0,372319.5,0.22159561356600888,0.27960380449800365,0.025349052067079884,0.008518062243950984,0.013925875651248917,0.01757132169899856,0.011423176415830967,-0.009053259455047577,-4.336808689942018e-19,"vol_000001:[4.44e+08,9.53e+08] amt_000001:[6.24e+07,1.61e+08] vol_002475:[6.00e+07,5.54e+08] amt_002475:[3.44e+05,3.64e+06]"
2026-02-09,572632576.0,94972632.0,77530032.0,400405.75,0.25290698662219185,0.33154094519037114,0.03554594350305242,0.017052067494016016,0.021298356501922404,0.027920451466994917,0.014247587001130019,-0.010868383972978901,-1.734723475976807e-18,"vol_000001:[4.44e+08,9.53e+08] amt_000001:[6.24e+07,1.61e+08] vol_002475:[6.00e+07,5.54e+08] amt_002475:[3.44e+05,3.64e+06]"
2026-02-10,524620960.0,88220176.0,74683048.0,385913.84,0.15849431099889488,0.26287157616515366,0.029784674991438186,0.012648701575694072,0.013533958034623605,0.022446817541226186,0.01625071695681458,-0.009798115965532114,1.734723475976807e-18,"vol_000001:[4.44e+08,9.53e+08] amt_000001:[6.24e+07,1.61e+08] vol_002475:[6.00e+07,5.54e+08] amt_002475:[3.44e+05,3.64e+06]"
2026-02-11,500685280.0,82260752.0,68945248.0,354263.91,0.1114258767336738,0.20226697750745967,0.01817343781344907,0.0030318723875970067,0.005512488342181676,0.01000660159204504,0.012660949471267394,-0.006974729204448034,6.505213034913027e-19,"vol_000001:[4.44e+08,9.53e+08] amt_000001:[6.24e+07,1.61e+08] vol_002475:[6.00e+07,5.54e+08] amt_002475:[3.44e+05,3.64e+06]"
2026-02-12,529370112.0,89795504.0,97024008.0,490326.22,0.16783330403053398,0.2788919367225209,0.07499471809924392,0.04437439650085442,0.03954271742394171,0.06570891939080292,0.03545200067530221,-0.021334522889948505,0.0,"vol_000001:[4.44e+08,9.53e+08] amt_000001:[6.24e+07,1.61e+08] vol_002475:[6.00e+07,5.54e+08] amt_002475:[3.44e+05,3.64e+06]"
2026-02-13,500799488.0,84680832.0,114492600.0,577647.69,0.11165046161033335,0.22687807702303567,0.11034484617577556,0.070907019525409,0.04960453119004293,0.10079833514082445,0.060740314985732624,-0.029891315615415456,-1.734723475976807e-18,"vol_000001:[4.44e+08,9.53e+08] amt_000001:[6.24e+07,1.61e+08] vol_002475:[6.00e+07,5.54e+08] amt_002475:[3.44e+05,3.64e+06]"
2026-02-24,566322240.0,93861136.0,84415336.0,430001.5,0.24049799572628006,0.3202375425478285,0.04947931479284244,0.02604473422167144,0.030349028049517175,0.04041155574682603,0.019130286743325266,-0.014366821525154592,0.0,"vol_000001:[4.44e+08,9.53e+08] amt_000001:[6.24e+07,1.61e+08] vol_002475:[6.00e+07,5.54e+08] amt_002475:[3.44e+05,3.64e+06]"
2026-02-25,724787200.0,108596952.0,124704784.0,639174.19,0.5521121864700103,0.47009400763130393,0.13101062234944238,0.08960184258003986,0.12017765999940845,0.10232485208863047,0.010832962350033934,-0.012723009508590608,-9.540979117872439e-18,"vol_000001:[4.44e+08,9.53e+08] amt_000001:[6.24e+07,1.61e+08] vol_002475:[6.00e+07,5.54e+08] amt_002475:[3.44e+05,3.64e+06]"
2026-02-26,651702848.0,106719872.0,106425064.0,545479.56,0.40839510728411377,0.4510049681455442,0.09401906383098041,0.061132735300751966,0.07277586535061217,0.08036892766049555,0.021243198480368236,-0.019236192359743588,-8.673617379884035e-18,"vol_000001:[4.44e+08,9.53e+08] amt_000001:[6.24e+07,1.61e+08] vol_002475:[6.00e+07,5.54e+08] amt_002475:[3.44e+05,3.64e+06]"
2026-02-27,682047616.0,107236784.0,127271552.0,634949.25,0.4680667237955889,0.45626172522497765,0.13620483477038295,0.08831809483367965,0.1139863088233244,0.11111148746918721,0.022218525947058546,-0.02279339263550756,-1.734723475976807e-18,"vol_000001:[4.44e+08,9.53e+08] amt_000001:[6.24e+07,1.61e+08] vol_002475:[6.00e+07,5.54e+08] amt_002475:[3.44e+05,3.64e+06]"
2026-03-02,861579200.0,134589248.0,128983376.0,632968.75,0.8211074796895103,0.7344236923914392,0.13966894897286022,0.08771632003648339,0.12118020277023582,0.10838728688345775,0.018488746202624404,-0.020670966846974365,-1.214306433183765e-17,"vol_000001:[4.44e+08,9.53e+08] amt_000001:[6.24e+07,1.61e+08] vol_002475:[6.00e+07,5.54e+08] amt_002475:[3.44e+05,3.64e+06]"
2026-03-03,921139200.0,142579024.0,136026512.0,654850.63,0.9382295311556298,0.81567603621609,0.15392171528971224,0.09436512786242288,0.1343878912888584,0.11683386510646082,0.01953382400085385,-0.022468737244037945,-6.938893903907228e-18,"vol_000001:[4.44e+08,9.53e+08] amt_000001:[6.24e+07,1.61e+08] vol_002475:[6.00e+07,5.54e+08] amt_002475:[3.44e+05,3.64e+06]"
2026-03-04,765169536.0,111308200.0,119890568.0,555727.25,0.6315222273584276,0.4976661516676194,0.12126838598671277,0.06424649524595784,0.10604332095748209,0.08356660963733863,0.015225065029230683,-0.019320114391380788,-3.469446951953614e-18,"vol_000001:[4.44e+08,9.53e+08] amt_000001:[6.24e+07,1.61e+08] vol_002475:[6.00e+07,5.54e+08] amt_002475:[3.44e+05,3.64e+06]"
2026-03-05,689746560.0,106804376.0,100873312.0,476536.31,0.48320634964184095,0.45186433492410694,0.08278432068458712,0.04018433323723168,0.06421091024362577,0.06004602438195092,0.01857341044096135,-0.019861691144719237,6.938893903907228e-18,"vol_000001:[4.44e+08,9.53e+08] amt_000001:[6.24e+07,1.61e+08] vol_002475:[6.00e+07,5.54e+08] amt_002475:[3.44e+05,3.64e+06]"
2026-03-06,646765760.0,97880592.0,73249600.0,344736.34,0.39868654659189146,0.361113559710269,0.02688389338345008,0.00013692085792103828,0.014836269375906692,0.013438070817669972,0.012047624007543388,-0.013301149959748933,-8.673617379884035e-19,"vol_000001:[4.44e+08,9.53e+08] amt_000001:[6.24e+07,1.61e+08] vol_002475:[6.00e+07,5.54e+08] amt_002475:[3.44e+05,3.64e+06]"
2026-03-09,797803584.0,119410616.0,97374936.0,448444.09,0.6956956096519772,0.5800639924384184,0.07570486976719981,0.03164851400305191,0.060224600078991226,0.050214664977262964,0.015480269688208585,-0.018566150974211056,-1.734723475976807e-18,"vol_000001:[4.44e+08,9.53e+08] amt_000001:[6.24e+07,1.61e+08] vol_002475:[6.00e+07,5.54e+08] amt_002475:[3.44e+05,3.64e+06]"
2026-03-10,674922176.0,103642720.0,181409376.0,887510.81,0.45405486767740977,0.41971174887322515,0.2457602592822571,0.16505890854161914,0.21479961385479734,0.19855292389980866,0.030960645427459743,-0.03349401535818952,4.85722573273506e-17,"vol_000001:[4.44e+08,9.53e+08] amt_000001:[6.24e+07,1.61e+08] vol_002475:[6.00e+07,5.54e+08] amt_002475:[3.44e+05,3.64e+06]"
2026-03-11,707727168.0,106360088.0,168648432.0,847655.38,0.5185644036305602,0.4473461304921972,0.21993671238291637,0.15294883870803153,0.20174442200847792,0.17403737298978544,0.018192290374438452,-0.021088534281753918,-5.204170427930421e-18,"vol_000001:[4.44e+08,9.53e+08] amt_000001:[6.24e+07,1.61e+08] vol_002475:[6.00e+07,5.54e+08] amt_002475:[3.44e+05,3.64e+06]"
2026-03-12,786151168.0,107821528.0,86041584.0,428295.44,0.6727816595771512,0.46220830251793327,0.052770254044512147,0.02552634800076527,0.04776351938195831,0.032814056241801746,0.005006734662553837,-0.007287708241036476,-4.336808689942018e-18,"vol_000001:[4.44e+08,9.53e+08] amt_000001:[6.24e+07,1.61e+08] vol_002475:[6.00e+07,5.54e+08] amt_002475:[3.44e+05,3.64e+06]"
2026-03-13,792054784.0,106391816.0,81983336.0,407128.44,0.6843908539523729,0.44766878964620455,0.0445578241837467,0.01909475641669383,0.03995336243958471,0.02613400413277543,0.004604461744161993,-0.007039247716081599,-4.336808689942018e-19,"vol_000001:[4.44e+08,9.53e+08] amt_000001:[6.24e+07,1.61e+08] vol_002475:[6.00e+07,5.54e+08] amt_002475:[3.44e+05,3.64e+06]"
2026-03-16,732227072.0,103722384.0,96527200.0,467588.72,0.5667423589227527,0.42052189507988313,0.0739893579403115,0.037465608593128974,0.06564639605460144,0.04870951754253512,0.008342961885710057,-0.011243908949406148,3.469446951953614e-18,"vol_000001:[4.44e+08,9.53e+08] amt_000001:[6.24e+07,1.61e+08] vol_002475:[6.00e+07,5.54e+08] amt_002475:[3.44e+05,3.64e+06]"
2026-03-17,678771200.0,95122808.0,185009488.0,942183.13,0.4616237996287585,0.33306816597681255,0.2530455871604203,0.18167108944555735,0.252616205600645,0.1822662010994516,0.00042938155977528814,-0.0005951116538942536,4.743384504624082e-18,"vol_000001:[4.44e+08,9.53e+08] amt_000001:[6.24e+07,1.61e+08] vol_002475:[6.00e+07,5.54e+08] amt_002475:[3.44e+05,3.64e+06]"
2026-03-18,623873088.0,87632744.0,86120488.0,424530.06,0.3536691404773684,0.25689766314961954,0.05292992727437238,0.024382237530749164,0.046242125161811504,0.03358928595553215,0.006687802112560877,-0.009207048424782985,-4.336808689942018e-19,"vol_000001:[4.44e+08,9.53e+08] amt_000001:[6.24e+07,1.61e+08] vol_002475:[6.00e+07,5.54e+08] amt_002475:[3.44e+05,3.64e+06]"
2026-03-19,667255424.0,93526496.0,91805864.0,442284.19,0.4389785459460133,0.3168344077994349,0.06443507718933056,0.029776828785556663,0.05649615801498043,0.040776313405122534,0.007938919174350127,-0.010999484619565871,-1.734723475976807e-18,"vol_000001:[4.44e+08,9.53e+08] amt_000001:[6.24e+07,1.61e+08] vol_002475:[6.00e+07,5.54e+08] amt_002475:[3.44e+05,3.64e+06]"
2026-03-20,666798400.0,96486312.0,100484472.0,491896.94,0.438079828880042,0.3469343739674104,0.0819974488061164,0.04485165967149423,0.07222178343007354,0.057195555625510264,0.009775665376042852,-0.012343895954016033,8.673617379884035e-19,"vol_000001:[4.44e+08,9.53e+08] amt_000001:[6.24e+07,1.61e+08] vol_002475:[6.00e+07,5.54e+08] amt_002475:[3.44e+05,3.64e+06]"
2026-03-23,804738880.0,108624824.0,101744608.0,475750.0,0.7093335561772419,0.47037745304042183,0.08454750945175105,0.03994541299447309,0.07712271591436048,0.05114207042292015,0.007424793537390562,-0.011196657428447061,2.6020852139652106e-18,"vol_000001:[4.44e+08,9.53e+08] amt_000001:[6.24e+07,1.61e+08] vol_002475:[6.00e+07,5.54e+08] amt_002475:[3.44e+05,3.64e+06]"
2026-03-24,680622016.0,93141888.0,110560688.0,503946.03,0.4652633457470647,0.3129231214938224,0.10238807480086155,0.04851277489045391,0.09296389808919232,0.0625249193649534,0.00942417671166923,-0.014012144474499492,-8.673617379884035e-19,"vol_000001:[4.44e+08,9.53e+08] amt_000001:[6.24e+07,1.61e+08] vol_002475:[6.00e+07,5.54e+08] amt_002475:[3.44e+05,3.64e+06]"
2026-03-25,688343616.0,96785424.0,260886144.0,1304388.13,0.4804475235946266,0.3499762053111275,0.406592564937389,0.2917270553220914,0.4044745778840181,0.29463462909240795,0.0021179870533709066,-0.0029075737703165294,-1.452830911130576e-17,"vol_000001:[4.44e+08,9.53e+08] amt_000001:[6.24e+07,1.61e+08] vol_002475:[6.00e+07,5.54e+08] amt_002475:[3.44e+05,3.64e+06]"
2026-03-26,615973952.0,84836136.0,220019408.0,1116429.88,0.33813584609976804,0.22845744720880104,0.3238930347365688,0.23461595318873305,0.3312137851469838,0.22378063937272732,-0.007320750410415022,0.01083531381600572,1.1709383462843448e-17,"vol_000001:[4.44e+08,9.53e+08] amt_000001:[6.24e+07,1.61e+08] vol_002475:[6.00e+07,5.54e+08] amt_002475:[3.44e+05,3.64e+06]"
2026-03-27,561342976.0,79969640.0,174981120.0,873718.19,0.23070649783387917,0.17896742318143308,0.23275178825558632,0.16086802184467122,0.22321784676410622,0.17315820411892024,0.009533941491480097,-0.012290182274249023,1.1275702593849246e-17,"vol_000001:[4.44e+08,9.53e+08] amt_000001:[6.24e+07,1.61e+08] vol_002475:[6.00e+07,5.54e+08] amt_002475:[3.44e+05,3.64e+06]"
2026-03-30,595589504.0,83982240.0,159640576.0,780646.06,0.298050749260204,0.21977371798003492,0.20170806159669652,0.13258806115021277,0.1939960387191551,0.14304688315172182,0.0077120228775414135,-0.01045882200150905,1.8214596497756474e-17,"vol_000001:[4.44e+08,9.53e+08] amt_000001:[6.24e+07,1.61e+08] vol_002475:[6.00e+07,5.54e+08] amt_002475:[3.44e+05,3.64e+06]"
2026-03-31,606704960.0,89194536.0,167150464.0,830228.44,0.31990879173336356,0.2727803688182877,0.21690536557176263,0.1476536641136101,0.1984909255606279,0.1692495776316128,0.018414440011134736,-0.02159591351800269,0.0,"vol_000001:[4.44e+08,9.53e+08] amt_000001:[6.24e+07,1.61e+08] vol_002475:[6.00e+07,5.54e+08] amt_002475:[3.44e+05,3.64e+06]"
2026-04-01,564611584.0,89727824.0,110977736.0,557824.44,0.2371340679211621,0.27820366227902554,0.10323202949475224,0.06488372629212397,0.07547328259789923,0.08854461025792415,0.02775874689685301,-0.023660883965800183,4.336808689942018e-18,"vol_000001:[4.44e+08,9.53e+08] amt_000001:[6.24e+07,1.61e+08] vol_002475:[6.00e+07,5.54e+08] amt_002475:[3.44e+05,3.64e+06]"
2026-04-02,544212864.0,81189656.0,85965880.0,430644.94,0.197020905837835,0.19137442426676704,0.052617056460190194,0.02624024342414959,0.0401878889758327,0.03903613214313933,0.012429167484357496,-0.012795888718989738,-1.3010426069826053e-18,"vol_000001:[4.44e+08,9.53e+08] amt_000001:[6.24e+07,1.61e+08] vol_002475:[6.00e+07,5.54e+08] amt_002475:[3.44e+05,3.64e+06]"
2026-04-03,492699072.0,71383032.0,74514472.0,366842.69,0.0957213591984969,0.0916455726685405,0.02944353798448139,0.0068539338788752395,0.01878567559936109,0.01798578721284924,0.0106578623851203,-0.011131853333974002,0.0,"vol_000001:[4.44e+08,9.53e+08] amt_000001:[6.24e+07,1.61e+08] vol_002475:[6.00e+07,5.54e+08] amt_002475:[3.44e+05,3.64e+06]"
2026-04-07,473615072.0,72390584.0,79987776.0,391533.75,0.05819353464880878,0.10189191268172916,0.04051953068050365,0.014356310866535419,0.016148798818889528,0.02827516852342951,0.024370731861614123,-0.013918857656894093,-6.505213034913027e-19,"vol_000001:[4.44e+08,9.53e+08] amt_000001:[6.24e+07,1.61e+08] vol_002475:[6.00e+07,5.54e+08] amt_002475:[3.44e+05,3.64e+06]"
2026-04-08,644135360.0,107421168.0,201928720.0,1034180.13,0.3935139837279479,0.45813682562375785,0.28728400878916704,0.20962437195889513,0.22557997075690323,0.26262469950322115,0.06170403803226382,-0.053000327544326015,3.469446951953614e-18,"vol_000001:[4.44e+08,9.53e+08] amt_000001:[6.24e+07,1.61e+08] vol_002475:[6.00e+07,5.54e+08] amt_002475:[3.44e+05,3.64e+06]"
2026-04-09,541569792.0,90248184.0,299603072.0,1630058.5,0.1918234240579045,0.2834954839311714,0.484941659330907,0.39068197623074324,0.3336271336974323,0.4930669243583745,0.1513145256334747,-0.10238494812763127,-3.122502256758253e-17,"vol_000001:[4.44e+08,9.53e+08] amt_000001:[6.24e+07,1.61e+08] vol_002475:[6.00e+07,5.54e+08] amt_002475:[3.44e+05,3.64e+06]"
2026-04-10,546415552.0,95566408.0,386896928.0,2224037.25,0.20135239236066582,0.33757937376544334,0.6615929309327803,0.5711623810881757,0.4248866905624282,0.7123480443401766,0.23670624037035204,-0.14118566325200088,-2.0816681711721685e-17,"vol_000001:[4.44e+08,9.53e+08] amt_000001:[6.24e+07,1.61e+08] vol_002475:[6.00e+07,5.54e+08] amt_002475:[3.44e+05,3.64e+06]"
2026-04-13,545781760.0,91943648.0,238813216.0,1395847.25,0.2001060690019886,0.30073757230390147,0.3619249218998699,0.31951690303213914,0.2584248024909497,0.3883842609664732,0.10350011940892023,-0.06886735793433407,-3.469446951953614e-18,"vol_000001:[4.44e+08,9.53e+08] amt_000001:[6.24e+07,1.61e+08] vol_002475:[6.00e+07,5.54e+08] amt_002475:[3.44e+05,3.64e+06]"
2026-04-14,570259008.0,99843512.0,243274496.0,1448670.25,0.24823947229287127,0.3810755524795636,0.37095294312706834,0.3355671681734159,0.2639855945781626,0.4052476238824501,0.10696734854890572,-0.0696804557090342,1.734723475976807e-17,"vol_000001:[4.44e+08,9.53e+08] amt_000001:[6.24e+07,1.61e+08] vol_002475:[6.00e+07,5.54e+08] amt_002475:[3.44e+05,3.64e+06]"
2026-04-15,569458560.0,102885192.0,198003808.0,1178955.75,0.24666542743303324,0.41200803784142653,0.27934140288886805,0.2536144347533736,0.18547958757910887,0.30980864133808356,0.09386181530975918,-0.05619420658470997,4.5102810375396984e-17,"vol_000001:[4.44e+08,9.53e+08] amt_000001:[6.24e+07,1.61e+08] vol_002475:[6.00e+07,5.54e+08] amt_002475:[3.44e+05,3.64e+06]"
2026-04-16,545876992.0,97656552.0,199642240.0,1190394.75,0.20029333843122335,0.35883517604713816,0.28265699816092477,0.25709017416520297,0.17655798381639098,0.3163121434866758,0.10609901434453378,-0.059221969321472834,3.469446951953614e-18,"vol_000001:[4.44e+08,9.53e+08] amt_000001:[6.24e+07,1.61e+08] vol_002475:[6.00e+07,5.54e+08] amt_002475:[3.44e+05,3.64e+06]"
2026-04-17,548791424.0,101352064.0,134342400.0,804822.38,0.20602443740198403,0.3964168318572789,0.15051368017759653,0.13993403442208963,0.08926866231394984,0.17176409141012158,0.061245017863646695,-0.03183005698803196,3.469446951953614e-18,"vol_000001:[4.44e+08,9.53e+08] amt_000001:[6.24e+07,1.61e+08] vol_002475:[6.00e+07,5.54e+08] amt_002475:[3.44e+05,3.64e+06]"
2026-04-20,589841408.0,108457800.0,392926848.0,2518823.5,0.2867473779448212,0.46867889584996136,0.6737953136028454,0.6607331641278121,0.47766607933077554,0.7807290593213642,0.19612923427206985,-0.11999589519355203,-5.551115123125783e-17,"vol_000001:[4.44e+08,9.53e+08] amt_000001:[6.24e+07,1.61e+08] vol_002475:[6.00e+07,5.54e+08] amt_002475:[3.44e+05,3.64e+06]"
2026-04-21,576689472.0,103334904.0,262573280.0,1694357.63,0.26088468947821425,0.4165814018563966,0.4100067195345384,0.41021926273195336,0.3000316171469015,0.47909132545217936,0.10997510238763686,-0.068872062720226,4.163336342344337e-17,"vol_000001:[4.44e+08,9.53e+08] amt_000001:[6.24e+07,1.61e+08] vol_002475:[6.00e+07,5.54e+08] amt_002475:[3.44e+05,3.64e+06]"
2026-04-22,582466368.0,109362592.0,236665584.0,1596358.13,0.27224469469356716,0.47788021396874136,0.3575788895315338,0.3804421209809632,0.2512454193098708,0.44101948386399253,0.10633347022166295,-0.06057736288302934,-6.938893903907228e-18,"vol_000001:[4.44e+08,9.53e+08] amt_000001:[6.24e+07,1.61e+08] vol_002475:[6.00e+07,5.54e+08] amt_002475:[3.44e+05,3.64e+06]"
2026-04-23,671166080.0,123439624.0,232237088.0,1593871.13,0.4466686744432982,0.6210371490435934,0.34861721129287504,0.37968644619145187,0.2988342772644063,0.41549183591191985,0.04978293402846873,-0.035805389720467984,6.938893903907228e-17,"vol_000001:[4.44e+08,9.53e+08] amt_000001:[6.24e+07,1.61e+08] vol_002475:[6.00e+07,5.54e+08] amt_002475:[3.44e+05,3.64e+06]"
2026-04-24,605031808.0,114300016.0,262279104.0,1725134.63,0.3166186138513179,0.528091543104387,0.40941141344020393,0.41957085219588147,0.2932945148185689,0.4891890310255865,0.11611689862163505,-0.069618178829705,1.3877787807814457e-17,"vol_000001:[4.44e+08,9.53e+08] amt_000001:[6.24e+07,1.61e+08] vol_002475:[6.00e+07,5.54e+08] amt_002475:[3.44e+05,3.64e+06]"
2026-04-27,589950848.0,113605184.0,327349984.0,2337237.5,0.2869625867647079,0.5210254215304694,0.5410913989852679,0.6055582697457458,0.3818307795284084,0.6932734510795947,0.15926061945685954,-0.08771518133384892,-6.938893903907228e-18,"vol_000001:[4.44e+08,9.53e+08] amt_000001:[6.24e+07,1.61e+08] vol_002475:[6.00e+07,5.54e+08] amt_002475:[3.44e+05,3.64e+06]"
2026-04-28,600507520.0,111395552.0,215990816.0,1524594.0,0.3077218057253349,0.4985544812951047,0.31574061792082936,0.35863659471147724,0.2473973344657105,0.4008199856607987,0.06834328345511886,-0.04218339094932144,1.734723475976807e-17,"vol_000001:[4.44e+08,9.53e+08] amt_000001:[6.24e+07,1.61e+08] vol_002475:[6.00e+07,5.54e+08] amt_002475:[3.44e+05,3.64e+06]"
2026-04-29,614221440.0,112661536.0,210391856.0,1434170.13,0.33468961036002676,0.5114289557790586,0.30441034281363255,0.33116130764712376,0.24301311809350623,0.3713409122365115,0.06139722472012632,-0.04017960458938774,3.8163916471489756e-17,"vol_000001:[4.44e+08,9.53e+08] amt_000001:[6.24e+07,1.61e+08] vol_002475:[6.00e+07,5.54e+08] amt_002475:[3.44e+05,3.64e+06]"
2026-04-30,656912704.0,127619472.0,155047488.0,1046715.19,0.41864005393560927,0.6635442790095373,0.19241330852977614,0.21343314913099462,0.15110221608246718,0.23949693796524632,0.04131109244730896,-0.0260637888342517,-6.938893903907228e-18,"vol_000001:[4.44e+08,9.53e+08] amt_000001:[6.24e+07,1.61e+08] vol_002475:[6.00e+07,5.54e+08] amt_002475:[3.44e+05,3.64e+06]"
2026-05-06,701177472.0,146590320.0,213054400.0,1460844.0,0.5056847220993407,0.8564690699349886,0.30979837130553395,0.33926616132533116,0.22861418486372076,0.38719971105971396,0.08118418644181319,-0.0479335497343828,6.938893903907228e-18,"vol_000001:[4.44e+08,9.53e+08] amt_000001:[6.24e+07,1.61e+08] vol_002475:[6.00e+07,5.54e+08] amt_002475:[3.44e+05,3.64e+06]"
2026-05-07,685574272.0,135909952.0,214188528.0,1467854.13,0.47500173362660464,0.7478546440850276,0.3120934372189848,0.3413961888734601,0.24422003491084168,0.38450614883492895,0.06787340230814312,-0.043109959961468824,-9.020562075079397e-17,"vol_000001:[4.44e+08,9.53e+08] amt_000001:[6.24e+07,1.61e+08] vol_002475:[6.00e+07,5.54e+08] amt_002475:[3.44e+05,3.64e+06]"
2026-05-08,697019072.0,133167304.0,215071024.0,1516694.25,0.4975074162092011,0.7199631765037098,0.3138792907455327,0.3562362561837564,0.2680495693749915,0.38790541234167286,0.0458297213705412,-0.03166915615791649,-2.0816681711721685e-17,"vol_000001:[4.44e+08,9.53e+08] amt_000001:[6.24e+07,1.61e+08] vol_002475:[6.00e+07,5.54e+08] amt_002475:[3.44e+05,3.64e+06]"
2026-05-11,762736256.0,158436672.0,270015424.0,2058369.63,0.6267372920765021,0.976941016303928,0.425066934093559,0.5208242854418799,0.36064014126839705,0.5621560270706437,0.06442679282516195,-0.04133174162876385,-1.1102230246251565e-16,"vol_000001:[4.44e+08,9.53e+08] amt_000001:[6.24e+07,1.61e+08] vol_002475:[6.00e+07,5.54e+08] amt_002475:[3.44e+05,3.64e+06]"
2026-05-12,718984000.0,146527264.0,198024608.0,1527007.38,0.5407004556260179,0.8558278194428337,0.2793834945848669,0.3593699000687393,0.24197629011758415,0.3830032665469676,0.03740720446728274,-0.02363336647822828,-8.326672684688674e-17,"vol_000001:[4.44e+08,9.53e+08] amt_000001:[6.24e+07,1.61e+08] vol_002475:[6.00e+07,5.54e+08] amt_002475:[3.44e+05,3.64e+06]"
2026-05-13,705018752.0,144746400.0,226366464.0,1802192.25,0.5132384258242529,0.8377172523840146,0.3367371862577056,0.44298480506027305,0.28923184760798804,0.4720895718028021,0.047505338649717566,-0.029104766742529042,6.938893903907228e-18,"vol_000001:[4.44e+08,9.53e+08] amt_000001:[6.24e+07,1.61e+08] vol_002475:[6.00e+07,5.54e+08] amt_002475:[3.44e+05,3.64e+06]"
2026-05-14,764235008.0,149811680.0,221670624.0,1697518.0,0.6296845202309506,0.8892288181811192,0.3272345002125509,0.4111795409525114,0.3032120403608564,0.4281904281361075,0.02402245985169449,-0.017010887183596113,-1.734723475976807e-18,"vol_000001:[4.44e+08,9.53e+08] amt_000001:[6.24e+07,1.61e+08] vol_002475:[6.00e+07,5.54e+08] amt_002475:[3.44e+05,3.64e+06]"
2026-05-15,733162368.0,151924016.0,198921184.0,1475113.0,0.5685815762875622,0.9107103028867215,0.28119784095178324,0.3436017960545377,0.23322080911830104,0.37355518112003305,0.0479770318334822,-0.02995338506549533,1.0408340855860843e-17,"vol_000001:[4.44e+08,9.53e+08] amt_000001:[6.24e+07,1.61e+08] vol_002475:[6.00e+07,5.54e+08] amt_002475:[3.44e+05,3.64e+06]"
2026-05-18,627233152.0,131508416.0,204511200.0,1495319.75,0.3602765546603344,0.7030930492132091,0.29251001662970055,0.3497416157380751,0.20277516258933173,0.3957232451721735,0.08973485404036882,-0.04598162943409839,-2.0816681711721685e-17,"vol_000001:[4.44e+08,9.53e+08] amt_000001:[6.24e+07,1.61e+08] vol_002475:[6.00e+07,5.54e+08] amt_002475:[3.44e+05,3.64e+06]"
2026-05-19,617611072.0,130652240.0,143082048.0,1023547.5,0.3413551686802955,0.6943861334340417,0.16819957473302513,0.2063936480195298,0.11445074106680718,0.23281618340595073,0.05374883366621795,-0.02642253538642092,1.0408340855860843e-17,"vol_000001:[4.44e+08,9.53e+08] amt_000001:[6.24e+07,1.61e+08] vol_002475:[6.00e+07,5.54e+08] amt_002475:[3.44e+05,3.64e+06]"
2026-05-20,624152064.0,135892704.0,182380384.0,1286120.38,0.35421773418841296,0.7476792398651486,0.24772522916439396,0.2861764006634283,0.156134866553847,0.32956791000004504,0.09159036261054695,-0.04339150933661673,-2.0816681711721685e-17,"vol_000001:[4.44e+08,9.53e+08] amt_000001:[6.24e+07,1.61e+08] vol_002475:[6.00e+07,5.54e+08] amt_002475:[3.44e+05,3.64e+06]"
2026-05-21,727218688.0,159572672.0,194798592.0,1379688.5,0.5568935978648265,0.9884936133460482,0.2728552020483568,0.31460706788738013,0.2002776510844165,0.3554955197041923,0.07257755096394028,-0.040888451816812166,6.245004513516506e-17,"vol_000001:[4.44e+08,9.53e+08] amt_000001:[6.24e+07,1.61e+08] vol_002475:[6.00e+07,5.54e+08] amt_002475:[3.44e+05,3.64e+06]"
2026-05-22,589459648.0,128584752.0,186637744.0,1330210.25,0.2859966641374386,0.6733607322426516,0.25634058987966524,0.2995731048177631,0.14696809257287666,0.34602691164125104,0.10937249730678858,-0.04645380682348793,6.938893903907228e-18,"vol_000001:[4.44e+08,9.53e+08] amt_000001:[6.24e+07,1.61e+08] vol_002475:[6.00e+07,5.54e+08] amt_002475:[3.44e+05,3.64e+06]"
