stock,ma5,ma10,ma20,rsi14,atr14,bband_pctb,macd,stoch_k,obv,mfi14,adx14,amount,vwap
000408.SZ,0.08092195878778834,0.100377359189374,0.10065674167973912,-0.2759165700559225,0.10194402239694882,-0.2361023695320809,-0.06444429365345418,-0.2740139457125489,0.09325743000746263,-0.09488706732140799,0.06995911043293353,0.07991436051471226,0.07036215738808894
000538.SZ,-0.2399277646152243,-0.26779916351127886,-0.26017222659032324,-0.11997464507985896,-0.2147426571365297,-0.05345949837528352,-0.09432672531646562,-0.07854650148917888,-0.20133176219061039,0.0065046362658989125,-0.1874935033752864,0.029065051867182185,-0.2959744391898838
000708.SZ,-0.01756463816139976,0.005541789811463892,0.01786351226709655,-0.1256834496499592,-0.04572315936666567,-0.14511182440552162,-0.14031443696525003,-0.10281303781475994,0.02242536855176061,-0.1292151971226556,-0.05649682588568442,-0.1224869313121285,-0.05576831713964435
000792.SZ,0.13071170040468894,0.15199601043057695,0.15134125564079065,-0.0743649000833823,0.07628010466179602,-0.20703632122950766,0.042466832821652485,-0.17717522160599927,0.11262559878287451,-0.027861045408339582,0.08564361991379534,-0.03829992834887701,0.10068512748236949
000895.SZ,-0.20252220537262566,-0.22804529328154724,-0.20421557291954143,-0.06883372816524681,-0.15551817159871922,-0.008363992746143654,-0.1825717872797071,-0.03667484101358708,-0.048952997717802045,-0.08531983142740464,-0.12088530456441501,0.02754110614459565,-0.2701847467700647
002001.SZ,-0.16362518074270527,-0.10299896449249818,-0.07044053011198576,-0.32512317294188414,-0.048868462416183804,-0.28103630199293694,-0.3406630073265153,-0.2726400850934255,-0.09187247416598789,-0.1837481264464141,0.04507578495923838,-0.11319104231630361,-0.24445388035913695
002027.SZ,-0.1976114378110465,-0.1889453898033283,-0.17777266728214308,-0.13596946356488568,-0.12218300395083687,-0.0952113058694769,-0.08250886167391622,-0.07475743856119332,-0.07227976228836724,-0.041464201788388416,0.047740982137403354,-0.0052799974610452565,-0.2026391917067505
002311.SZ,-0.2586067156126224,-0.24496991530234807,-0.25309266801469665,-0.08632412087190369,-0.2517155203386511,-0.09528246877635457,-0.02332792781565242,-0.05709128167279716,-0.22900587773529624,-0.013036957681774423,-0.003227516387113161,0.050114249261413384,-0.26177200927544264
002371.SZ,-0.12193478163567079,-0.09454818584538362,-0.05385313740426125,-0.20463494936583648,-0.05671020818033212,-0.0734983732999322,-0.26243229777090604,-0.09700385272280229,-0.001996243145887025,-0.07481134701823298,0.008041523205195838,-0.034969507255509166,-0.2917479539185159
002384.SZ,-0.04417241047069955,-0.0454480127898553,-0.03194608517102929,-0.04224755233580175,-0.025986891511958023,-0.12530153438437208,-0.09029624614843955,-0.03189869635845086,0.01941962849344435,-0.030724267006929425,0.0555189533559678,-0.09306162386152775,-0.06271286148165782
002415.SZ,-0.29961571093443,-0.30398440276621164,-0.3191287233483769,-0.038977814361171946,-0.1710893516557433,0.06990014841024572,-0.12937948798119814,0.04598739972004483,-0.23384656803270712,0.10933827102691378,-0.1239768172059409,-0.04466454478053898,-0.2876453093031227
002463.SZ,-0.06640491907311372,-0.05408990759347798,-0.04588100255626008,0.008179742598578288,-0.03559680071630832,-0.059127248951872394,0.008641040261527608,-0.07423743314519453,0.09189905995404893,-0.11118486675461207,0.07346129075832182,-0.05063503491572729,-0.08568117566976581
002468.SZ,-0.20753942203039294,-0.21323933858277025,-0.24101817511877088,0.06864702084022145,-0.16661189652037806,0.005040981772929902,0.11072823774006416,0.030429652330354925,-0.22519901155183206,0.09825313322812772,-0.12692047490984185,0.03458597978937477,-0.21380799714800025
002475.SZ,-0.10853859629475228,-0.1032166602173186,-0.10182541830266834,0.12386891573912825,-0.03317909417314208,0.10472847682439826,0.02036759923219093,0.03160174342449953,-0.07421902312050692,-0.06556143028674474,0.04734554595653051,0.005892153504127124,-0.10210354313736324
002558.SZ,-0.13184055851905174,-0.14456851679243626,-0.152685399096331,0.13540108429630646,-0.1803456939430301,0.2332115539133285,-0.06115306025321085,0.23674417648765486,-0.053183020846629,0.1083309924046987,-0.3535699380840247,-0.0537137946550779,-0.12112637878743582
002602.SZ,-0.23642349974276047,-0.23785269019105704,-0.24338595135912158,0.05934473954799022,-0.2835914435214195,0.09559248222944644,-0.029270099363719417,0.11358759359238361,-0.2164652353659051,0.18344521480218867,-0.2680146407899989,-0.22656005482240296,-0.2461339982872996
002648.SZ,-0.34198148264252365,-0.3195656199769568,-0.2658440071311986,-0.12479246504537159,-0.09449889303276568,-0.09993776081297359,-0.17041614260250912,-0.13732151376329882,-0.3190682415066899,-0.07660210509767906,0.035883785945916215,-0.044302256441843386,-0.31121593086150917
002714.SZ,-0.1503082047900793,-0.13272612216076243,-0.13575639150602878,-0.040509340562061444,-0.29974164156207483,-0.08622400289826827,-0.055120425096316775,-0.06780048307770212,-0.055533798539178954,-0.009530347891674812,-0.35914035267925964,-0.1598712502194734,-0.16845580022612047
002837.SZ,0.03924350610892853,0.019417132511574006,-0.007814570069795253,0.2314580948731111,-0.035008624685466755,0.18764007214273443,0.12968996016541579,0.12912911242607084,0.07688767476692235,0.1975500539637549,-0.15688520252413307,0.08785243240719412,-0.019048271176565268
002916.SZ,-0.041181039140131874,-0.03473957413763913,-0.03169552119863956,-0.018160413519609953,-0.06332757599380999,-0.06982782085010979,0.00556674939096799,-0.08469199469901154,-0.02463276873414192,-0.045803396019791824,-0.05643653836177366,0.02079450634740303,-0.1571238254492507
300033.SZ,-0.24095002203472357,-0.23196098128028428,-0.20941815930785113,-0.04814507311044049,-0.14075243523819095,-0.04814424670759221,-0.0772201373900709,-0.06236813305888442,-0.1798653044881584,-0.0072270567205647415,-0.011367893175367941,-0.07457558299685846,-0.24282923338006093
300059.SZ,-0.22623062677326403,-0.21315345774666716,-0.19685456900899598,-0.05068412671770427,-0.11187153280579651,-0.04181724392548351,-0.054588072037509934,-0.039755317333252126,-0.13036862319969694,0.07015623284207717,-0.022737309696210965,-0.12920503044525425,-0.24171452715805528
300124.SZ,-0.3190438800232016,-0.3538149406746822,-0.4159264005127452,0.056831317478630336,-0.23938692401157538,0.11583794727881987,-0.010381808690954017,0.18724102521012306,-0.19882214905160633,0.18698402575557996,-0.1549604986056797,-0.03517074718607627,-0.3246130067848707
300274.SZ,-0.01664024855582469,-0.01847856579553615,-0.01603118302047438,0.09774239713682868,0.016465218272149012,0.03745114030758416,0.08394154412773357,0.04420336551836276,0.05595464956521139,-0.027002311157069577,0.09887615781029076,0.026964449402925247,-0.017155872122078013
300308.SZ,0.046756043980266525,0.047831744492187724,0.04940796062855506,0.22890226933769342,0.047121615003287556,0.14401320675628795,0.09046205211250068,0.16103284832399656,0.2231549290862461,-0.028539579512005434,0.09698958231883632,0.05222524077150935,0.042422462906384725
300394.SZ,-0.0630676161721342,-0.04785663905422968,-0.039907925005778284,-0.0053463377843569896,-0.076228013488342,0.03869306299461215,-0.09407675292555409,0.0052825274006959785,0.030213988228469393,-0.11392631756560571,-0.02564154955996476,-0.08318040123494293,-0.13147350917670972
300413.SZ,-0.24313359728516645,-0.25277220036529224,-0.2687496102841064,0.06566561559155489,-0.1776990234672688,0.07340420379947481,0.034350520691211424,0.052847791530414356,-0.3278815621971452,-0.05608818583307523,-0.13427611675971354,0.09182836183005227,-0.22665865458857343
300442.SZ,-0.25959180215801386,-0.23157932298541745,-0.219285130705898,-0.09891342003324095,-0.09940093675081024,-0.12888320410754378,0.04578825758907819,-0.2101393904605159,-0.21132901822853628,-0.17698470495793725,0.018348976606134267,-0.12792661717291545,-0.29573754314604317
300476.SZ,-0.2146407286690749,-0.21330973160867317,-0.1949368094381529,-0.05994027553131173,-0.20873378129161546,-0.06126964453580583,-0.1294291420719696,-0.08614728684248521,-0.1651977824452047,-0.036844369079876295,-0.0421855244703053,-0.16762728890719722,-0.22522893061683066
300502.SZ,-0.04113969398891145,-0.04173040720902486,-0.04453462211397098,0.1412066760509941,-0.08141196876801766,0.028106088849522804,0.022571954975569415,0.06815736932947299,0.08419374721942466,0.0863262045406633,-0.10633130347599333,-0.07864558510361111,-0.08123846205822101
300750.SZ,-0.09541380544015339,-0.09636016298848801,-0.09874198123539665,-0.028426359060505682,-0.009730926843421972,0.0565497993123291,-0.05142607567137516,0.031229884673408998,-0.16537832070676647,0.08674414271143598,0.08727050725756498,0.018131821342634812,-0.1051526762182078
300803.SZ,-0.1275161558312637,-0.1267414609151376,-0.12676179373732013,0.06024936213843707,-0.14947893213567987,0.0382893134879307,0.035400226634885054,-0.039750997408674243,-0.035431309466956065,-0.00014247325483614283,-0.15634929271707967,0.01423842314198654,-0.15012266351210243
600018.SH,-0.44570015945138963,-0.36813225874633027,-0.2824548178770631,-0.3436044957277924,-0.11252273437785142,-0.273612575396059,-0.2994837253771583,-0.21699343339276478,-0.22595959770198215,-0.17289469931806464,-0.05920316767795497,-0.1366636853601765,-0.42692049197291704
600030.SH,-0.21587983936235328,-0.2065186481781035,-0.19379214044744292,-0.06136957099802603,-0.17738540979434048,-0.006074619079044984,-0.07859497016503539,-0.03328691132664422,-0.14219712462166476,-0.004044849832507934,-0.11581298057744838,-0.21853717852265458,-0.222809942069994
600036.SH,-0.35654634395380547,-0.33693216803481857,-0.3223948408537945,-0.06752318988610395,-0.004281179779167391,-0.0033382104155963094,-0.05589646693445456,-0.029412513936532114,-0.21441046920579118,0.0022242833441737846,0.14426212215101145,0.048052242320674725,-0.2917977012691135
600039.SH,-0.18927672758283307,-0.19245976325571615,-0.1948372519992129,-0.005417106538662281,-0.15263368975220384,0.08056208060597961,-0.04719007834283252,0.09499249119848442,-0.18678742939036186,-0.048162945687362464,-0.062233656748743656,-0.10245390599887592,-0.20240387906839957
600221.SH,-0.09265020438964196,-0.059056455293048864,-0.0682775631614676,0.005193174578831744,-0.1174502635741786,-0.055603401261410494,0.06257239933223564,-0.058630076693081,0.03776664170396139,-0.007966686061033557,-0.09763473673934653,-0.2360362680289753,-0.13066659970338393
600276.SH,-0.18182515447425998,-0.1741128401778514,-0.19201174941272375,-0.09212382859622661,-0.2231079736325542,-0.10181538938445539,0.019277123001678522,-0.1159847616339728,-0.20010354854157206,-0.15248036716218166,-0.17264437073454394,-0.1060838733225282,-0.20954256359987355
600323.SH,-0.10288379227407708,-0.0939674456097992,-0.07517267502164296,-0.19992585383743253,-0.16040975611526517,-0.10070375261426225,-0.24014176579679136,-0.13976201949357955,-0.06932083731059108,-0.16522828271222353,-0.05578145095343727,0.02321790888827187,-0.14128623788529032
600346.SH,0.010753839818437996,0.043029333232162174,0.09090112821801234,-0.19207346287740268,0.06719292342665732,-0.11636728149193241,-0.2202998866048125,-0.17163709407731242,0.08577847521393768,-0.14716282748673767,0.08974289165446707,0.10869611784146234,-0.012612842768384586
600388.SH,0.01666852925040747,-0.0020918934771848915,-0.026601701109899345,0.04297121426548135,0.0021127694139658685,0.06254719705203278,0.06240195767421939,0.06690393993345087,0.08991626357139886,-0.009683674336441288,-0.003975621999167354,0.03741690362444933,-0.0016902541518377587
600415.SH,-0.21344077560806177,-0.20257479099019524,-0.18211921931752564,-0.07662177393714265,-0.18541562661950364,-0.20560801914330767,0.011812342513605342,-0.18215237882374957,-0.08504947484265253,-0.030480616491865797,0.02718664566921388,-0.1480945835767134,-0.25087809092083974
600461.SH,-0.33114858523031854,-0.3439305732597046,-0.3515705282145867,-0.10068371907724172,-0.18470389017687197,-0.0072991215353152205,-0.19537578836860248,-0.007715513922266494,-0.23956926827006866,0.14288005033741485,-0.14285506308424795,0.0890049501368844,-0.3301791981020095
600519.SH,-0.34310217682716976,-0.32832251286647984,-0.32380654208787496,-0.10521945664110054,-0.008214712838076618,-0.03988371891621779,-0.17512580191589816,-0.03262322289174234,-0.2433210566454213,-0.0670852984556694,0.0584539095184195,0.09124031619777494,-0.29367336132160093
600585.SH,-0.3392319833253236,-0.2980101271933131,-0.291770140985309,-0.12597827281312426,-0.1509991763989299,-0.10114005027448865,-0.1762521676608363,-0.023567315835197455,-0.30257101653142787,-0.11461466311036654,-0.0928537118885284,-0.22838123962701076,-0.38315463255095433
600673.SH,-0.04708321774341641,-0.06661111023616857,-0.09647408783242316,0.19470944201200707,-0.15239491218477105,0.15846307715587435,0.10346589258417128,0.08648568504619156,-0.020396287611065635,0.24616893925918545,-0.21177831257940682,-0.058756084860027716,-0.05587009572061853
600754.SH,-0.2634246948582708,-0.221261940113927,-0.2184895052572361,-0.1113463224376502,-0.1837336625124846,-0.04439858007147747,-0.13281088915499115,-0.014917310902888732,-0.14715583021993592,-0.06655100658136077,-0.14943804267281996,-0.14110298797244125,-0.2833060474732425
600760.SH,-0.18079108764261284,-0.17006753698473523,-0.15776582834727215,-0.05204062628429142,-0.12095367711597406,-0.08977990110511941,-0.047786826397125705,-0.054804841490120985,-0.10899395271782863,-0.04192108359628421,0.0015178892404923657,-0.20507622940704792,-0.1952197175936335
600803.SH,-0.13222555835573846,-0.09515452608299554,-0.11214150871352253,-0.15533297955694675,-0.19984739061034884,-0.20850423460657563,-0.12239936187458311,-0.18220215644758944,-0.031469668087695135,-0.09131670875700527,-0.16030766075248024,-0.026614630161536285,-0.2891322174789978
600809.SH,-0.2967346035588799,-0.29824848274334104,-0.3760400609936163,0.026649201017715146,-0.1501863635935751,0.08310220045998315,0.017395693605095117,0.019462901768333908,-0.13259145429425584,0.10854504120894128,-0.03328844626243104,-0.06486902973421345,-0.2921593966011868
600895.SH,-0.13730851431388388,-0.13016990078733487,-0.10414947998837214,0.025737113568833198,-0.11584347203516726,0.06019758226605048,-0.12851349018232763,0.04611317161131309,-0.023171531525055737,-0.018528640580792285,-0.05955117722859108,-0.02656691975435223,-0.12471485396771104
600900.SH,-0.23640841815116823,-0.25685701434392566,-0.27996439349248725,0.05279129465359646,-0.032512432013191525,0.12414229068653085,0.026226259028439152,0.06671971624892657,-0.21350832816836848,0.1184999102970196,0.00243152363522239,-0.01122991472446839,-0.14485800390696785
600901.SH,-0.13822564510315355,-0.1570036873427308,-0.18367888652318753,0.10210008177665947,-0.02937418207867018,0.13450317340233967,0.08770548150002695,0.0951629405670083,-0.10641653902892516,0.21099960300089726,0.0907444187620871,-0.06735275465054749,-0.11918685299545073
600916.SH,-0.43637789196630894,-0.39705156312036777,-0.2344908195288718,-0.33946918283464883,-0.1667805185651904,-0.27706679444312865,-0.38130606861257693,-0.18158763769936923,-0.17749240099597566,-0.20868528463174085,-0.12127648780604801,-0.31341791765430094,-0.3746044787164864
600968.SH,-0.3083506183166227,-0.22964259762898695,-0.20354699013784253,-0.3232139420536143,-0.09368003529633677,-0.3334312463892689,-0.18438898578270893,-0.24364162168705483,-0.18501560901681066,-0.19015817756005865,-0.0075736381078314605,-0.25133761719502284,-0.4098404227760675
600989.SH,-0.21247633049234177,-0.16165333066264337,-0.09863513273892548,-0.2848084861977492,-0.11464837257645705,-0.2141995177710845,-0.34744282296767204,-0.16894905747925437,-0.13019871855903836,-0.22121223157211672,-0.018194043131291835,-0.061783681610899574,-0.25652980996593716
601061.SH,-0.011642662465579628,-0.015879074932122872,-0.019338417743834452,0.05752258339269168,-0.01095994853394711,-0.054183012651928764,-0.027365086378038986,0.0287655119816299,0.0970896356350232,0.08777201523617174,0.061814776496502785,0.06358806287174584,0.002044478680780837
601127.SH,-0.2569749809885267,-0.2484491634816468,-0.2576142691245368,-0.08055168574487173,-0.18491027729942205,-0.09348407158283048,-0.05930004552047902,-0.03308919384677783,-0.2364416494280041,-0.12878453162993828,-0.10357760933291332,-0.07094827238118147,-0.2802783850790303
601155.SH,-0.28243418455421737,-0.2760353806397331,-0.21980155135693483,-0.22673765836007304,-0.24930574961120494,-0.13862628780004954,-0.2439075691678793,-0.13016604968267334,-0.23861031659118012,-0.14748864110236246,-0.05978336332644744,-0.14347877583354207,-0.3122220091607229
601225.SH,-0.22235990361079228,-0.21157410612199556,-0.23342580885216868,-0.04436950887146958,-0.32045471225542,-0.06192497188117438,0.005772555561987242,-0.10110316740951666,-0.1459783787075104,-0.0004750248667215134,-0.2757600916454364,0.04523189393828071,-0.3462574126366076
601288.SH,-0.10593926634654308,-0.1121799851916865,-0.10009260721178387,-0.009331740251700658,-0.06217913473342706,0.05320846333816304,-0.19194317775363076,0.11435622813773692,-0.02047904035007829,0.009842944964068071,-0.01788917628453172,0.10671493875569615,-0.102893391059378
601336.SH,-0.11821388137963929,-0.11069072836850279,-0.09882993995018467,-0.1454783829395652,-0.28598398121063223,-0.102729273340176,-0.18237528035452594,-0.1399242352380581,-0.08029396733698627,-0.28448077499368735,-0.21372389761823105,-0.2444304630310565,-0.13875103426515684
601360.SH,-0.3794283225188527,-0.3766845000834026,-0.3347512908831,-0.1798727466575586,-0.1918353921825354,-0.0685200432179736,-0.3205112973248464,0.026702248809746542,-0.2598104767748358,-0.1380104060495634,-0.06600150993135322,-0.17556111668982916,-0.3610516320586835
601668.SH,-0.229538250881079,-0.22217318346277323,-0.2409783577881714,-0.016136808676582955,-0.05820793218054046,-0.024618463608803928,0.013768682008426462,0.010402465431435703,-0.2115496631093144,0.03680505564661579,0.007053131948678073,-0.11383139504115297,-0.1054308271450745
601689.SH,-0.22850534713169823,-0.26498140961876815,-0.2892781361021288,0.10608952459095354,-0.2313340624848759,0.1316729562372592,-0.0030434855344821893,0.1409663428156436,-0.04126570707675975,0.019359063676751522,-0.18273129135215765,-0.030005047519084293,-0.21191366780368237
601728.SH,-0.20583028695254105,-0.2366420186365221,-0.18283291294816403,-0.00723697366935046,0.06842378402126907,0.0043240315534075575,-0.12205587805066732,-0.0179828968633724,-0.09692133992542265,0.019572349988998473,0.11746199310253244,0.0047979325221263166,-0.09600894660957654
601899.SH,-0.003029269927394842,0.019492644039630153,0.02897337764358525,-0.18091183358341792,-0.04518460668007311,-0.2057622488793601,-0.11098121298679121,-0.19357946022646977,0.010069690043509065,-0.20233417351297156,-0.039222591515159506,0.017182823408097674,-0.010049350816048066
603099.SH,-0.15226177827362594,-0.14326027875256275,-0.14836855452121997,0.017170148910876978,-0.28911919350559717,0.05307156758590065,-0.02898511134421001,0.011232379489615356,-0.05945814182512568,0.0324578280589456,-0.2856637089078587,-0.26213645572387867,-0.15796118378641957
603195.SH,0.02267199258517089,0.022218768207186462,0.006523365490772394,-0.08779638760897844,0.19743005482463635,-0.047641428967911355,-0.12360035186059391,0.028751886686086556,-0.059582069197885903,0.11950239993531774,0.23204358572782685,-0.07029590015923409,0.1957759096881444
603259.SH,-0.20064264509545165,-0.19754479455228408,-0.19353964678077462,-0.0004589045414844933,-0.2204454282273647,-0.03390951893177216,-0.01341511332286171,-0.02864953909706357,-0.188251942705021,-0.040736233117809384,-0.15296706939630772,-0.20507455846429057,-0.21686963514431262
603268.SH,0.0840681349574429,0.10165184417415127,0.11123413947801174,-0.06027570812560898,0.010209669890799557,-0.05852711313931755,-0.01925026510302122,-0.01909071817233432,0.07758546100025228,-0.008114705938143087,-0.04840649172233122,-0.011423163423772408,0.06397538328037687
603298.SH,-0.15966685745433198,-0.1578994054703438,-0.14361996466281984,-0.10806043569128991,-0.13121717696111945,-0.004237858242275071,-0.12767213902111965,-0.030428406083040854,-0.04123541446745313,0.03894001687819271,0.008571384559503582,-0.05297869087148348,-0.1873533436900192
603568.SH,-0.10106554675415229,-0.08735630180812035,0.0002934107796021885,-0.18104621440619084,-0.10077078262220779,-0.136801457190845,-0.23710041717843647,-0.09365547098439346,0.07723822651674034,-0.25434285899810755,-0.08562997640252738,-0.020959000631304982,-0.12139713937788373
603605.SH,-0.18961099050743416,-0.21772742735023334,-0.17987975728310276,-0.1658614805742278,-0.07550005364244233,-0.060324928268670336,-0.24039918346492875,-0.007527232208367941,-0.07101729493870486,-0.05856535444478778,-0.018926608216751586,-0.1094018238443305,-0.1514077210515634
603699.SH,-0.10550583722516901,-0.10250817189048532,-0.08046954597025553,-0.15129401884251373,-0.0677063201951924,-0.049471001690847546,-0.19075967584516496,-0.07604326084430038,-0.04942488772687022,-0.11829500806385344,0.1252545028249506,-0.08810630091866917,-0.11174761373048808
603733.SH,-0.27890859006560126,-0.23738324982089953,-0.23961277591715346,-0.09182266501546574,-0.22732265851758393,-0.031971517386597696,-0.11219064748695956,-0.09138175533067525,-0.17147748296143592,-0.05008895376197683,-0.10952541867805597,-0.03455729475592336,-0.3110608030621135
603776.SH,-0.3265497892637163,-0.3043180328398518,-0.24822365546332847,-0.11568760672375274,-0.2694872154826142,-0.05411531623747894,-0.21792471202245717,-0.021793011532545477,0.17366442127001536,0.06465540725904242,-0.033498493999893415,-0.2291473062259621,-0.3573714448090358
603816.SH,-0.11155822058892605,-0.10273188098477404,-0.1103975897328733,-0.012025944233699716,-0.22371326482374176,-0.09037650973792179,-0.01355078973527122,-0.06438821475566775,-0.017431595971967966,0.0006148189648113824,-0.15546950013145902,-0.13965919157450132,-0.20583383864059626
603899.SH,-0.3595130760243422,-0.3467652968247969,-0.2759544478051493,-0.14065995075381177,-0.1372375621991317,-0.03376459588970914,-0.2715334792197707,-0.019515686244299182,-0.3533764634840756,-0.007480823772397226,-0.06309081090706364,-0.2048910562758569,-0.3604511995553077
603993.SH,0.028348595877479857,0.054398229345476716,0.06407684647836144,-0.09005602359915962,0.0024006142091687987,-0.1448001828507946,-0.07063963020956478,-0.09119479422084764,0.0894205616521063,-0.275758374078856,0.009739876510979377,-0.07522320171073472,0.017308667487403118
605117.SH,-0.04894466317667847,-0.029646099834729628,-0.020860612727318095,-0.026794736631148633,-0.005795471303840462,-0.14584267807437523,-0.017727726666836148,-0.10441712716655921,0.03596592680813816,-0.11526661515677324,0.0444854042227127,0.08612593726215405,-0.2793554859514043
605499.SH,-0.19737784404005979,-0.19936159893415933,-0.22431945440945766,-0.04194756344132134,-0.1137914994323341,0.0003039248462502932,-0.009036700064435852,-0.012881993872754313,-0.19677378443253155,-0.05396277649285872,0.07470465521263603,0.09792685128537797,-0.220306233847168
688041.SH,-0.1291087629073891,-0.11249921092160561,-0.11600626977951731,-0.03081394752562653,-0.07435899168535387,-0.022716700073262614,-0.022032403444990845,-0.031893796584554365,-0.17794125275205774,-0.07357982502589346,0.00428125830863942,0.03345491483416216,-0.13693938489235835
688111.SH,-0.4007172344981831,-0.38718541680144736,-0.35668529256112547,-0.14611366536867088,-0.17140415553871874,-0.10253181742174644,-0.21775091549611614,-0.10192729240565426,-0.1862183798971271,-0.11368176802826724,-0.011699714946139896,-0.1300818347165245,-0.3705789883936119
688187.SH,-0.1859719264262849,-0.17423198317833163,-0.1750066813465591,-0.010604440550358326,-0.1966959562452041,0.012754783639762093,-0.07018619292809956,0.012220052618077886,-0.21467559670274394,0.04827634338809203,-0.15121380274842958,-0.006618886686815236,-0.23632476659123478
688256.SH,-0.11207565204590823,-0.11102730316556232,-0.122851222244343,0.12146703708224414,-0.09811059322308067,0.05409306628774372,-0.008126781351470257,0.08246138818003407,-0.05353624511872418,0.09340163297810461,-0.00852902390261298,-0.03635811532412708,-0.11325839600058017
688300.SH,-0.13265257102043967,-0.08466630242566757,-0.047394283707463035,-0.17819419317196206,-0.12511821461346878,-0.2067282721430263,-0.152720197340172,-0.1992642295880397,0.001144057224342069,-0.15131209416002808,-0.02446752724725683,-0.30013492518529433,-0.41849738504323303
688617.SH,-0.2618674889907505,-0.21167773650388563,-0.23442621082491286,-0.20287783294602404,-0.14121120652821997,-0.21621199443696623,-0.08838852422271859,-0.22048027019625954,0.06867948936954935,-0.009775886809669577,0.06423890297657625,0.04303279727113186,-0.03254188786132464
